"Labour force characteristics by economic region, three-month moving average, unadjusted for seasonality 1 2"
"Frequency: Monthly"
"Table: 14-10-0462-01"
"Release date: 2026-01-09"
"Geography: Canada, Province or territory, Economic region"
""
""

"Labour force characteristics","Unemployment rate 5",,,,,,,,,,,,,,,,,,,,,,,,,,,,,,,,,,,,,,,,,,,,,,,,,,,,,,,,,,,,,,,,,,,,,,,,,,,,,,,,,,,,,,,,,,,,,,,,,,,,,,,,,,,,,,,,,,,,,,,,,,,,,,,,,,,
"Statistics","Estimate",,,,,,,,,,,,,,,,,,,,,,,,,,,,,,,,,,,,,,,,,,,,,,,,,,,,,,,,,,,,,,,,,,,,,,,,,,,,,,,,,,,,,,,,,,,,,,,,,,,,,,,,,,,,,,,,,,,,,,,,,,,,,,,,,,,
"Geography 3 4","January 2015","February 2015","March 2015","April 2015","May 2015","June 2015","July 2015","August 2015","September 2015","October 2015","November 2015","December 2015","January 2016","February 2016","March 2016","April 2016","May 2016","June 2016","July 2016","August 2016","September 2016","October 2016","November 2016","December 2016","January 2017","February 2017","March 2017","April 2017","May 2017","June 2017","July 2017","August 2017","September 2017","October 2017","November 2017","December 2017","January 2018","February 2018","March 2018","April 2018","May 2018","June 2018","July 2018","August 2018","September 2018","October 2018","November 2018","December 2018","January 2019","February 2019","March 2019","April 2019","May 2019","June 2019","July 2019","August 2019","September 2019","October 2019","November 2019","December 2019","January 2020","February 2020","March 2020","April 2020","May 2020","June 2020","July 2020","August 2020","September 2020","October 2020","November 2020","December 2020","January 2021","February 2021","March 2021","April 2021","May 2021","June 2021","July 2021","August 2021","September 2021","October 2021","November 2021","December 2021","January 2022","February 2022","March 2022","April 2022","May 2022","June 2022","July 2022","August 2022","September 2022","October 2022","November 2022","December 2022","January 2023","February 2023","March 2023","April 2023","May 2023","June 2023","July 2023","August 2023","September 2023","October 2023","November 2023","December 2023","January 2024","February 2024","March 2024","April 2024","May 2024","June 2024","July 2024","August 2024","September 2024","October 2024","November 2024","December 2024","January 2025","February 2025","March 2025","April 2025","May 2025","June 2025","July 2025","August 2025","September 2025","October 2025","November 2025","December 2025"
,"Percent",,,,,,,,,,,,,,,,,,,,,,,,,,,,,,,,,,,,,,,,,,,,,,,,,,,,,,,,,,,,,,,,,,,,,,,,,,,,,,,,,,,,,,,,,,,,,,,,,,,,,,,,,,,,,,,,,,,,,,,,,,,,,,,,,,,
"Canada","6.6","6.9","7.3","7.4","7.3","7.0","6.9","7.1","7.1","6.8","6.5","6.6","7.0","7.4","7.8","7.7","7.5","7.1","7.0","7.1","7.1","6.8","6.3","6.3","6.7","6.9","7.2","7.0","6.9","6.5","6.5","6.6","6.4","6.2","5.7","5.7","5.8","6.1","6.3","6.2","6.1","5.9","5.9","6.1","6.0","5.7","5.2","5.2","5.5","5.8","6.2","6.1","5.9","5.6","5.6","5.9","5.8","5.5","5.2","5.2","5.5","5.7","7.0","9.6","12.4","13.4","12.5","11.4","10.3","9.2","8.2","8.1","8.7","8.9","8.9","8.5","8.4","8.1","7.8","7.7","7.4","6.8","6.0","5.7","6.0","6.0","6.1","5.6","5.4","5.1","5.0","5.3","5.3","5.1","4.7","4.6","4.9","5.1","5.4","5.3","5.2","5.2","5.4","5.7","5.7","5.5","5.2","5.3","5.6","5.8","6.2","6.2","6.3","6.2","6.4","6.8","6.7","6.5","6.2","6.2","6.6","6.6","6.9","6.9","7.0","6.8","6.9","7.2","7.3","7.0","6.3","6.2"
"Newfoundland and Labrador","12.5","13.6","14.9","15.4","15.3","13.4","11.9","10.7","11.0","11.4","12.2","13.1","14.8","15.9","16.4","15.9","14.2","12.3","11.1","11.1","11.7","12.3","13.3","14.4","15.5","16.2","17.3","17.4","16.7","15.1","13.9","13.6","13.6","13.6","14.0","14.7","15.9","16.5","17.0","16.7","15.8","14.6","13.8","13.3","12.9","11.8","11.5","11.6","12.6","13.0","13.5","13.5","13.2","12.6","12.0","11.9","11.2","10.8","10.6","11.6","12.6","13.4","13.8","15.2","16.6","17.3","16.6","15.0","13.9","12.4","12.2","12.4","13.2","14.9","15.5","15.9","14.5","13.3","12.1","11.9","12.1","12.1","11.4","11.3","12.7","14.2","15.4","14.6","13.1","11.0","9.7","9.6","9.4","9.4","9.4","9.6","10.9","11.4","12.3","11.7","11.3","10.0","8.8","8.0","8.1","8.4","9.0","9.6","10.8","11.4","11.9","11.3","10.7","9.5","8.7","8.6","8.7","8.9","9.2","9.9","11.2","11.7","12.2","11.4","10.7","9.6","9.0","8.9","9.0","9.1","9.1","9.8"
"Avalon Peninsula, Newfoundland and Labrador","8.2","8.9","10.1","10.1","9.9","8.9","8.3","8.1","8.5","8.5","8.6","8.9","9.7","10.6","11.2","11.4","10.3","9.6","9.4","9.9","10.3","10.6","11.0","11.4","11.8","11.9","12.0","11.3","10.9","10.2","10.1","10.3","11.1","11.3","11.5","11.5","12.5","13.3","13.7","13.3","12.1","11.3","11.0","11.6","11.3","10.0","8.9","8.6","9.7","9.9","10.7","10.3","10.5","10.0","9.9","9.8","9.0","8.3","8.1","8.7","9.8","10.5","11.1","12.3","13.5","14.7","15.2","14.6","13.6","11.4","10.4","9.8","10.8","12.5","13.3","13.3","11.6","10.6","9.6","9.1","9.1","9.1","8.8","8.7","9.6","10.9","11.8","11.0","10.1","8.4","7.2","6.9","6.9","7.2","6.9","6.9","7.5","7.7","8.0","7.4","7.2","6.8","6.9","7.0","7.3","7.3","7.5","7.8","8.2","8.4","8.7","8.9","8.8","8.4","7.6","7.2","6.7","6.7","7.2","7.9","9.1","9.5","9.8","9.2","8.7","8.3","8.0","7.9","7.6","7.6","7.6","8.3"
"South Coast-Burin Peninsula and Notre Dame-Central-Bonavista Bay, Newfoundland and Labrador","20.2","21.7","23.2","23.5","22.1","18.1","15.4","13.5","13.6","14.2","15.7","17.8","20.9","24.1","25.4","23.7","20.2","16.6","14.5","13.2","13.7","15.2","18.3","21.2","23.2","24.5","26.4","26.6","24.7","22.0","20.5","19.8","18.9","18.4","19.9","21.5","23.1","22.9","23.2","21.8","20.6","18.3","17.2","16.2","15.8","15.6","15.9","16.4","16.3","18.2","19.4","20.4","18.3","17.2","15.7","15.4","14.5","14.9","15.8","17.4","18.8","19.2","18.6","19.5","20.1","19.8","18.1","15.5","14.7","14.4","16.6","18.6","18.9","19.6","19.7","20.9","19.2","17.2","15.2","15.3","15.8","15.9","15.0","14.7","16.8","18.8","20.9","19.9","17.0","14.3","13.8","14.9","13.9","12.2","12.3","13.8","17.4","18.2","20.3","19.3","18.8","15.1","11.4","8.3","8.1","9.5","10.1","11.6","14.9","17.3","19.3","17.4","15.5","12.1","10.0","10.3","11.7","12.7","12.8","13.4","16.2","17.9","19.8","18.5","17.0","13.5","11.5","10.6","11.8","12.2","12.9","13.5"
"West Coast-Northern Peninsula-Labrador, Newfoundland and Labrador","15.9","17.7","19.3","21.5","22.9","20.7","17.2","14.2","15.0","15.7","17.8","18.5","21.0","20.8","20.6","19.2","18.3","14.5","12.0","11.9","13.7","13.8","14.3","14.7","17.1","19.3","22.1","23.7","22.5","19.8","15.9","14.7","13.7","13.5","13.5","14.7","16.0","17.2","18.4","20.0","20.3","19.2","17.0","14.5","13.7","12.3","13.4","14.4","16.2","15.4","14.6","14.2","14.3","14.1","13.9","13.5","13.3","13.1","12.5","13.3","13.8","15.5","16.1","19.4","21.9","22.2","18.9","15.4","13.9","13.0","12.2","12.1","13.3","15.9","16.9","17.2","16.5","15.8","15.3","15.7","15.8","16.0","14.7","15.2","16.9","18.7","19.7","18.8","17.1","14.6","12.2","11.3","11.9","12.8","13.2","13.0","13.4","14.2","14.9","15.2","14.2","13.2","11.2","10.5","10.2","10.7","12.2","13.2","13.8","13.1","12.4","11.2","10.7","10.0","10.3","10.6","10.6","10.8","11.0","11.9","11.9","11.5","10.6","10.3","9.3","8.9","8.9","10.2","10.6","10.1","9.7","10.1"
"Prince Edward Island","12.8","12.9","13.2","13.6","12.9","10.7","9.2","8.6","8.6","8.2","9.1","10.4","12.0","12.4","13.0","13.5","12.1","10.1","8.1","8.5","8.9","9.5","10.0","11.1","11.9","12.1","12.5","12.9","11.7","9.8","8.2","7.7","7.9","8.0","8.8","9.8","11.4","12.3","13.1","13.8","12.5","10.1","7.8","7.5","7.6","7.1","7.7","9.2","11.2","12.0","12.3","12.3","10.6","8.9","7.3","7.1","7.2","6.8","7.2","7.9","8.8","9.5","10.4","12.3","13.4","12.7","11.1","9.5","8.7","8.3","9.2","10.5","11.3","11.8","11.6","12.1","11.0","10.2","9.2","8.9","9.0","8.5","8.6","8.7","10.2","11.2","11.9","11.2","9.2","6.9","5.3","5.3","6.1","5.9","6.4","6.1","7.7","8.1","8.9","8.8","7.7","6.9","6.2","6.4","6.0","5.4","5.8","7.1","8.6","8.8","9.3","9.1","8.1","7.0","6.8","7.0","6.6","6.6","7.4","9.0","9.5","9.8","9.6","9.3","8.3","7.1","7.0","6.7","7.2","6.9","7.7","7.9"
"Nova Scotia","8.7","9.4","10.3","10.6","10.2","9.1","8.2","8.0","8.0","7.7","7.8","8.1","9.1","9.6","10.1","9.7","9.1","8.1","7.8","7.9","7.9","7.6","7.4","7.7","8.4","9.0","9.8","9.9","9.3","8.5","8.0","8.3","8.3","8.3","8.3","8.2","8.6","8.9","9.4","9.1","8.2","7.5","7.4","7.9","7.9","7.6","7.0","6.9","7.2","7.4","7.8","8.0","7.6","7.1","6.8","7.4","7.4","7.5","7.3","7.7","8.1","8.5","9.4","11.1","12.9","13.5","12.5","11.4","9.4","8.5","7.1","7.6","8.1","9.0","9.6","9.4","9.7","9.1","8.9","8.3","8.0","7.7","7.7","7.7","7.7","7.2","7.3","7.0","6.7","6.2","6.2","6.8","6.7","6.7","5.9","6.0","5.7","5.9","6.1","6.5","6.2","6.1","6.4","7.1","7.2","6.7","6.3","6.0","6.5","6.5","7.0","6.7","6.6","6.3","6.4","6.8","6.8","6.3","5.9","5.9","6.1","6.4","6.6","7.1","6.9","6.7","6.5","6.9","6.7","6.4","6.1","6.2"
"Cape Breton, Nova Scotia","16.1","16.7","18.3","18.8","18.1","16.3","15.1","14.5","14.3","13.4","13.9","15.6","18.4","19.8","19.8","17.8","15.3","13.1","12.2","12.7","12.9","13.0","12.8","14.3","15.5","17.1","17.4","17.1","14.9","13.1","12.1","13.2","13.0","13.6","13.4","13.9","15.0","16.3","17.0","16.9","15.2","14.5","13.8","15.4","15.7","15.5","15.3","16.9","17.9","18.2","16.9","16.1","14.7","14.5","13.3","13.6","12.9","13.3","12.1","12.2","12.8","13.7","15.5","17.5","19.8","19.9","17.3","15.8","12.8","12.2","11.8","13.4","14.7","14.8","14.6","14.2","14.8","13.5","12.4","11.9","12.0","12.1","12.7","14.0","14.1","12.8","13.3","14.8","15.0","12.7","9.7","9.3","9.5","10.4","9.7","10.2","10.3","10.5","10.5","11.3","11.3","10.1","9.0","10.2","11.6","12.6","12.9","13.3","13.5","12.1","12.3","11.6","10.4","8.9","8.0","9.3","8.7","8.4","8.6","9.4","11.0","12.2","13.1","13.1","10.2","8.4","7.7","8.5","9.2","8.8","9.2","9.8"
"North Shore, Nova Scotia","11.8","12.7","12.7","11.6","10.4","8.9","7.9","7.6","8.5","8.2","8.2","8.3","9.2","9.9","10.7","10.9","10.6","9.4","9.1","8.7","8.5","7.7","7.8","7.9","8.6","8.9","10.0","10.6","10.4","9.5","8.9","9.2","8.7","8.2","8.3","8.7","9.6","9.4","10.6","10.5","10.0","8.9","8.9","9.8","9.4","7.9","6.5","6.5","7.1","7.6","8.1","8.6","8.2","7.2","6.6","7.1","7.5","7.1","6.8","7.8","9.0","10.0","10.8","11.0","12.4","14.0","13.3","11.3","8.0","7.5","6.3","6.8","7.1","8.6","9.5","9.2","8.6","7.8","8.1","8.2","8.6","8.8","8.5","7.7","7.0","6.9","7.2","7.6","7.8","7.8","8.0","9.7","10.0","10.0","7.5","7.8","7.0","7.6","7.1","7.4","6.5","5.7","5.6","6.1","6.5","6.0","5.7","6.1","7.2","7.8","7.9","6.8","6.3","5.1","4.8","5.2","6.1","6.8","6.0","6.9","7.0","8.5","9.3","10.2","8.8","7.5","7.2","7.8","7.8","7.3","7.3","7.2"
"Annapolis Valley, Nova Scotia","7.9","9.3","11.0","11.8","11.2","10.0","8.2","8.3","7.5","7.3","6.7","7.2","7.8","8.7","9.3","10.5","10.3","9.6","8.2","7.2","6.9","6.4","6.7","6.9","7.7","8.7","10.8","11.0","9.8","8.3","7.1","7.0","7.4","7.8","8.3","8.3","9.0","9.6","10.4","9.8","8.0","6.6","5.7","6.0","6.2","6.0","6.3","6.1","7.2","7.4","7.7","7.4","6.7","6.1","5.8","6.6","6.8","6.4","5.5","5.7","6.9","8.6","10.0","11.3","11.7","11.2","9.9","9.9","8.8","7.7","5.1","4.3","4.7","6.4","8.7","9.5","9.6","8.6","8.7","9.2","8.5","7.6","6.6","6.9","7.5","7.3","6.6","5.3","4.8","4.9","5.3","5.3","4.9","4.2","3.9","4.2","4.8","5.6","5.4","5.8","5.0","4.8","4.2","5.0","4.8","5.1","4.9","5.4","5.1","5.3","5.4","5.4","5.2","4.8","5.6","6.4","7.1","7.0","6.3","6.1","5.6","5.1","5.2","5.7","6.3","5.5","5.2","5.5","5.6","4.9","4.2","4.5"
"Southern, Nova Scotia","9.2","9.7","11.8","12.6","11.5","9.8","9.2","11.0","12.1","11.2","11.2","10.9","12.1","11.0","11.1","10.4","10.5","10.4","11.6","13.2","13.1","11.5","10.9","10.4","11.4","10.9","10.9","10.8","9.2","9.5","8.7","9.2","8.9","8.9","10.3","9.6","9.4","8.4","9.3","8.9","6.8","5.7","5.2","5.9","5.5","6.0","6.3","6.6","7.1","7.9","8.9","8.8","7.5","7.3","7.3","9.0","9.4","9.3","10.4","10.0","10.2","8.6","10.2","11.2","13.1","12.5","12.8","12.0","11.6","10.5","9.4","8.8","9.3","9.3","9.8","8.6","8.2","7.3","7.1","7.6","8.1","9.6","11.8","11.8","11.7","9.4","10.1","8.7","7.8","7.2","7.6","8.9","8.5","8.3","8.1","7.5","6.9","6.1","7.4","7.7","6.7","5.6","5.6","6.7","7.1","7.7","8.1","7.7","7.9","8.0","9.0","9.1","8.6","8.6","10.1","10.8","10.9","8.2","8.2","7.3","7.6","7.0","6.5","5.9","5.9","7.1","7.6","7.9","7.0","6.7","7.5","8.0"
"Halifax, Nova Scotia","5.9","6.5","7.0","7.3","7.3","6.9","6.1","5.7","5.5","5.5","5.6","5.8","6.6","7.0","7.6","7.1","6.3","5.4","5.2","5.3","5.5","5.6","5.2","5.6","6.0","6.6","7.2","7.4","7.4","6.9","6.7","7.0","7.2","7.0","6.6","6.2","6.6","6.7","7.0","6.8","6.4","6.1","6.2","6.5","6.5","6.3","5.5","4.9","4.6","4.7","5.4","5.8","5.9","5.5","5.3","5.8","5.8","6.0","6.1","6.7","6.6","6.7","7.2","9.5","11.5","12.6","11.7","10.6","8.7","7.7","6.3","7.1","7.5","8.5","8.8","8.6","9.4","9.0","8.7","7.4","6.8","6.0","5.6","5.5","5.6","5.5","5.5","5.0","4.7","4.3","4.8","5.4","5.2","5.3","4.6","4.6","4.3","4.6","4.8","5.1","5.2","5.7","6.8","7.2","7.1","5.8","5.0","4.3","4.9","4.9","5.5","5.5","5.9","5.9","5.9","6.1","5.7","5.3","4.7","4.6","4.7","4.8","4.8","5.6","5.9","6.4","6.0","6.4","6.1","6.0","5.3","5.3"
"New Brunswick","10.1","10.7","11.5","11.7","11.4","10.9","10.6","10.5","9.6","8.5","7.9","8.3","9.3","10.5","11.6","11.7","11.1","10.0","9.4","9.1","8.9","8.5","8.4","8.6","9.1","9.5","9.9","10.2","9.7","8.8","7.5","7.3","7.1","7.2","7.2","7.6","8.6","9.1","9.7","9.4","8.8","8.0","7.3","7.6","7.5","7.1","6.8","7.3","8.5","9.2","9.5","9.5","8.8","8.0","7.8","8.1","8.0","7.4","7.0","7.2","7.9","8.2","9.4","11.7","13.7","13.3","11.2","9.9","9.6","9.3","9.2","9.3","9.9","10.3","10.8","10.7","10.2","9.4","9.0","9.0","8.9","8.5","8.1","8.0","8.6","8.5","8.8","8.0","7.6","6.6","6.5","6.5","6.7","6.3","6.3","6.9","7.6","7.5","7.3","6.8","6.6","6.1","5.8","6.4","6.8","6.6","6.1","6.1","7.1","7.6","8.4","8.1","7.8","6.8","6.7","6.5","6.4","5.8","5.8","6.6","7.4","7.9","7.9","7.7","7.1","6.7","6.8","7.4","7.6","7.3","6.5","6.4"
"Campbellton-Miramichi, New Brunswick","18.0","19.4","20.4","19.8","17.8","15.6","14.6","14.4","13.1","12.1","11.9","13.6","15.8","17.2","18.4","18.5","17.5","16.3","15.1","15.0","14.6","14.7","14.5","15.2","16.0","16.2","17.4","18.4","17.6","14.6","11.2","11.3","11.4","12.0","11.8","13.2","14.2","15.2","15.0","14.7","12.9","11.5","10.6","11.7","11.7","11.5","11.2","13.2","15.2","16.7","16.8","15.8","14.1","11.7","11.5","12.4","12.7","12.7","11.9","12.3","13.1","13.3","15.1","17.7","19.6","18.4","15.3","12.9","12.8","12.4","12.7","13.0","13.5","14.6","15.1","15.3","14.4","13.1","12.5","12.7","13.5","13.0","12.8","12.3","13.0","13.8","13.9","14.3","12.8","10.7","9.3","9.8","10.5","10.6","10.2","11.2","11.9","12.0","12.1","11.8","10.7","9.2","8.4","9.9","11.0","10.9","10.9","11.9","15.0","16.6","17.6","15.9","13.4","9.9","9.1","8.5","9.9","9.5","9.8","10.4","12.2","13.3","13.0","11.6","9.8","7.9","7.8","8.8","10.3","10.4","10.2","10.7"
"Moncton-Richibucto, New Brunswick","8.1","8.2","9.0","10.3","10.6","10.3","9.8","9.4","8.5","7.1","6.8","7.1","7.6","8.5","9.8","10.4","9.7","8.5","8.5","8.0","8.1","7.6","8.4","8.7","9.2","9.5","10.1","9.7","8.8","7.5","6.6","6.3","6.3","5.7","6.1","6.2","7.4","7.4","8.6","8.6","8.3","7.1","6.1","6.4","6.3","5.7","5.5","5.5","7.0","7.9","8.8","9.1","8.2","7.6","7.2","7.3","6.9","6.0","5.6","5.4","6.3","6.7","8.0","10.0","12.0","11.8","10.1","8.7","8.6","8.7","9.2","9.4","10.1","10.1","10.5","10.0","9.7","9.0","8.0","7.7","7.6","7.6","7.8","7.7","8.5","8.1","7.9","6.6","5.9","4.9","5.1","5.4","5.6","5.0","5.1","5.5","7.0","7.4","7.8","7.1","6.5","5.8","5.5","5.5","5.5","5.3","5.0","4.9","5.3","5.5","6.3","6.0","5.8","5.3","5.6","5.7","5.0","4.6","4.5","5.4","5.6","6.1","6.3","6.6","6.1","6.4","6.9","8.0","7.9","7.2","6.1","5.8"
"Saint John-St. Stephen, New Brunswick","7.4","8.3","9.6","9.5","9.7","9.2","9.4","9.3","8.9","8.0","6.9","7.2","8.0","9.1","10.1","10.3","9.6","8.4","7.6","7.9","7.7","7.3","6.8","7.4","7.6","7.9","7.0","6.4","5.8","6.5","6.3","6.5","6.1","6.8","6.7","6.3","6.9","7.2","7.8","7.6","7.6","7.5","7.1","7.2","6.8","6.7","5.9","6.0","6.3","6.6","6.4","6.6","6.6","6.6","7.0","7.2","7.6","7.2","7.4","7.2","7.8","7.6","9.0","11.2","13.2","12.4","10.1","9.3","9.3","9.2","9.1","9.8","10.8","11.1","11.4","10.5","9.8","8.3","8.7","8.8","8.6","8.6","8.2","8.5","8.9","8.8","9.2","7.7","7.5","6.3","6.7","6.4","6.4","6.0","6.1","7.0","7.1","6.9","6.0","5.7","5.3","5.4","5.1","5.5","5.8","5.7","5.4","5.0","5.8","6.1","6.7","6.7","7.3","7.5","7.5","7.1","6.3","5.4","5.5","6.3","7.2","7.9","8.1","7.9","7.3","7.2","7.1","7.2","6.8","6.7","6.1","5.7"
"Fredericton-Oromocto, New Brunswick","7.9","8.5","8.7","8.6","8.8","9.7","10.2","9.9","8.8","7.6","7.0","6.6","7.5","9.0","10.4","10.5","10.7","10.2","9.1","7.8","7.1","6.7","5.9","5.4","5.6","6.2","7.1","8.3","8.6","7.9","6.5","5.8","5.6","5.8","5.9","6.5","7.8","9.1","9.4","8.4","7.4","6.8","7.0","6.8","7.1","6.5","6.7","7.0","7.6","8.1","8.4","8.5","7.7","7.1","6.6","6.7","6.2","5.5","5.2","6.1","7.0","7.5","7.4","10.1","11.9","12.5","10.5","9.7","9.3","8.4","7.3","6.5","6.7","7.0","7.4","8.0","8.5","8.6","8.7","9.3","8.8","7.8","6.1","5.3","5.4","5.1","6.0","6.3","6.8","6.5","6.2","6.2","5.9","5.8","5.5","6.0","6.1","5.3","4.2","3.7","4.6","5.0","5.2","6.5","7.0","6.9","5.2","4.6","4.9","4.9","6.1","5.9","6.8","6.1","6.6","6.6","6.4","5.7","5.3","6.4","7.6","7.9","7.1","6.7","6.2","6.0","5.8","6.2","6.7","6.3","5.4","5.2"
"Edmundston-Woodstock, New Brunswick","11.1","11.4","12.0","11.7","10.3","9.8","9.0","9.9","9.4","8.4","7.2","7.0","8.1","9.3","10.0","9.3","7.5","6.2","5.9","6.6","6.7","6.0","5.1","5.3","6.3","7.3","8.1","8.8","9.1","8.4","7.6","6.8","6.4","6.2","5.9","6.6","7.6","8.0","8.5","8.0","8.2","7.0","5.7","5.2","5.2","4.8","5.1","5.8","7.7","8.1","8.2","8.5","8.4","7.5","6.9","7.0","7.0","6.2","5.6","5.6","6.0","6.3","8.0","10.8","12.7","11.6","10.0","9.5","8.1","7.2","5.6","6.0","6.2","7.4","8.8","9.1","8.8","7.4","6.9","6.2","5.6","5.1","4.6","4.9","6.3","7.0","7.2","6.1","6.0","5.2","5.3","4.8","4.9","4.2","4.5","4.8","5.8","5.8","5.9","5.9","6.1","5.4","4.9","4.3","4.8","4.3","4.3","5.4","7.1","8.0","8.9","9.2","8.6","6.0","4.6","4.6","5.2","5.4","5.0","5.5","5.6","5.1","5.4","6.6","6.9","6.0","4.8","5.4","5.3","4.7","4.0","4.5"
"Quebec","7.7","8.0","8.4","8.3","8.2","7.8","7.5","7.7","7.5","7.3","6.9","7.2","7.8","8.3","8.7","8.6","8.2","7.5","7.0","7.0","6.8","6.5","5.9","6.0","6.4","6.9","7.1","7.0","6.5","6.2","5.8","6.1","5.9","5.9","5.3","5.3","5.4","5.9","6.3","6.2","5.7","5.2","5.1","5.5","5.5","5.3","4.8","4.9","5.3","5.6","6.0","5.7","5.3","4.8","4.6","4.8","4.7","4.7","4.6","4.7","5.1","5.2","6.6","10.8","13.8","14.1","11.0","9.4","8.3","7.5","6.8","6.8","7.5","7.6","7.8","7.1","6.8","6.2","6.0","6.0","5.9","5.5","4.8","4.5","4.9","5.1","5.1","4.7","4.4","4.1","4.0","4.3","4.3","4.1","3.7","3.7","4.2","4.5","4.7","4.5","4.2","4.0","4.1","4.5","4.5","4.5","4.5","4.7","4.9","5.1","5.3","5.2","5.1","5.1","5.3","5.8","5.6","5.4","5.1","5.3","5.7","5.7","6.1","6.1","6.0","5.8","5.6","6.0","5.7","5.5","4.9","4.9"
"Gaspésie-Îles-de-la-Madeleine, Quebec","19.7","21.6","21.8","20.5","18.1","14.3","11.5","9.6","9.5","10.7","13.2","16.3","18.2","19.2","19.6","20.8","18.5","15.9","11.3","10.4","9.8","11.3","13.0","16.0","15.8","15.5","15.0","15.4","14.8","12.2","10.5","9.1","9.1","9.4","10.4","12.9","14.0","15.2","15.0","16.3","15.3","13.5","10.4","10.3","11.5","13.0","13.5","13.2","14.3","14.7","16.0","17.6","15.8","13.3","9.3","8.7","8.6","10.3","12.5","15.4","16.4","16.4","17.0","19.2","18.2","14.5","10.3","9.2","9.3","9.2","9.5","10.4","12.8","13.5","16.1","15.5","15.5","11.6","9.0","8.0","9.0","10.7","13.5","15.5","17.5","16.5","15.9","13.3","10.9","8.0","6.5","6.7","7.0","8.4","9.3","10.1","9.6","9.2","9.1","9.1","7.6","5.6","3.8","4.8","6.8","8.8","8.8","10.1","12.1","13.0","12.0","11.0","9.5","7.9","5.1","4.4","4.2","5.1","7.4","11.2","13.9","13.7","13.3","12.4","11.0","8.6","5.9","5.3","5.0","5.7","7.4","9.3"
"Bas-Saint-Laurent, Quebec","8.1","10.4","10.9","11.3","11.1","8.5","6.8","5.1","5.8","5.4","5.8","6.7","8.4","8.8","9.1","9.0","8.8","7.6","6.4","6.3","6.7","7.5","7.9","9.4","10.3","10.6","9.2","8.2","7.2","6.6","6.1","5.6","5.3","4.4","3.8","3.9","4.8","5.8","7.2","7.6","6.7","5.5","4.8","5.1","4.7","4.3","4.3","4.7","5.7","7.0","8.6","8.3","7.2","5.3","3.9","3.6","3.8","4.0","4.3","4.4","5.7","6.7","8.2","12.3","14.0","12.9","8.5","5.5","5.3","4.9","4.4","4.3","6.6","6.8","7.2","6.0","7.6","6.4","4.3","3.2","3.8","4.2","3.7","4.8","6.5","7.7","7.7","6.6","5.7","4.4","3.3","2.9","3.0","3.7","3.6","4.3","4.7","5.6","5.9","5.9","5.7","4.9","4.2","4.0","3.9","3.6","2.8","3.3","3.5","5.3","5.4","6.3","5.4","4.5","3.6","3.2","3.5","3.1","4.2","4.9","6.5","6.3","6.7","6.6","6.1","4.7","3.5","3.8","4.1","4.2","4.0","4.7"
"Capitale-Nationale, Quebec","5.9","6.6","6.5","6.2","5.2","4.4","3.6","3.9","4.0","3.9","3.7","3.8","4.9","5.3","5.6","4.9","4.3","4.1","4.2","5.0","5.1","4.7","3.9","3.9","4.8","5.2","5.3","5.3","5.3","5.2","4.4","4.4","4.0","4.5","4.2","3.9","3.8","3.9","4.9","4.8","4.5","4.0","3.6","3.8","3.8","3.9","3.5","3.6","4.2","4.4","4.7","4.1","3.6","2.6","2.2","2.7","3.1","3.0","3.0","3.3","4.5","4.9","7.1","10.8","13.1","11.9","8.2","5.8","4.7","4.5","4.5","4.8","6.0","6.9","6.8","6.4","5.9","5.6","4.3","4.5","4.4","3.8","2.7","2.7","4.2","5.1","5.0","4.3","3.6","3.4","2.9","3.1","3.1","3.2","3.2","3.2","3.5","3.2","3.3","2.8","3.0","2.9","2.8","2.7","2.5","2.6","2.6","2.9","3.6","3.9","4.4","4.1","4.3","4.0","4.1","4.0","4.3","4.1","4.2","4.5","5.3","5.2","5.2","4.5","4.7","4.2","4.5","4.1","4.7","4.1","4.1","3.4"
"Chaudière-Appalaches, Quebec","5.6","6.0","6.2","5.5","4.9","4.6","4.7","5.5","5.5","5.4","4.6","5.0","6.3","7.3","7.9","7.4","6.6","5.5","5.1","5.2","5.1","4.6","4.2","4.2","4.7","5.1","5.4","5.1","4.5","3.6","3.4","3.4","3.3","2.5","2.3","2.3","2.9","3.2","3.8","3.7","3.2","3.0","2.3","2.9","3.0","3.4","3.3","3.2","3.9","4.6","5.1","4.3","3.4","2.4","2.0","2.4","2.7","3.0","2.9","3.2","4.0","4.1","4.9","9.0","10.3","10.5","6.2","5.2","4.2","4.2","3.9","4.0","4.2","4.5","5.0","4.7","4.1","3.2","2.8","3.3","3.5","3.2","2.4","2.5","3.0","3.0","3.2","2.7","2.6","1.8","1.3","1.5","1.6","1.8","1.5","1.7","1.9","2.5","2.4","2.6","2.6","2.6","2.4","2.5","2.5","2.6","1.9","1.8","2.5","3.2","3.8","3.3","2.7","2.3","2.5","2.7","2.5","2.4","2.3","2.6","3.0","3.4","3.9","4.0","3.9","3.7","3.2","3.5","3.4","3.0","2.6","2.6"
"Estrie, Quebec","6.3","7.4","7.7","7.5","6.9","6.5","6.4","6.1","5.7","5.4","5.4","6.2","7.0","7.5","7.8","7.9","7.3","6.6","6.1","6.3","6.1","5.6","4.8","4.4","4.3","5.2","6.1","6.6","6.3","5.6","5.0","4.7","4.4","4.4","4.0","4.5","4.7","5.7","6.2","5.9","4.8","4.2","3.8","4.2","3.9","4.3","4.2","4.3","4.1","4.1","4.4","4.1","3.8","3.4","3.5","4.5","4.9","4.9","4.2","3.8","4.0","4.1","5.3","9.5","10.9","11.0","7.0","6.5","5.9","6.0","5.8","6.2","7.5","8.1","8.2","6.9","6.1","5.2","4.7","5.2","4.8","4.4","3.1","3.2","3.4","3.6","3.8","3.7","3.4","3.2","2.8","3.0","3.7","3.7","3.4","3.2","3.7","4.8","5.4","5.4","4.6","3.8","3.3","3.8","4.3","4.5","4.4","4.2","4.4","4.8","5.6","5.6","4.9","4.3","4.4","4.9","4.7","4.2","3.6","3.5","4.2","4.7","5.3","5.4","5.0","4.4","4.2","5.1","5.3","5.2","4.5","4.5"
"Centre-du-Québec, Quebec","9.4","8.7","9.1","9.1","8.6","6.8","5.8","6.0","6.2","5.8","6.0","6.4","6.9","7.0","7.6","7.1","5.9","4.8","4.5","5.6","5.1","5.2","4.6","5.1","5.7","6.3","7.0","7.1","5.9","5.2","4.5","5.6","5.6","5.9","5.0","4.8","4.7","5.6","5.7","5.9","4.4","4.4","4.4","5.9","5.6","4.2","4.0","4.5","5.8","6.5","6.6","7.1","5.5","4.7","3.0","3.8","3.5","3.3","1.8","1.2","1.5","2.0","3.2","9.0","11.8","12.6","7.8","6.1","4.9","4.6","4.2","5.3","7.2","8.0","8.5","6.7","5.8","3.7","3.8","4.2","5.4","4.6","4.3","3.4","4.0","3.5","3.7","3.4","3.2","2.5","1.8","1.6","1.3","1.3","1.8","2.6","2.8","2.6","3.0","2.8","2.4","1.6","1.7","2.4","2.8","2.3","2.1","2.4","3.3","3.8","3.2","3.5","3.5","3.9","3.5","3.7","3.7","4.2","4.3","5.0","5.8","6.3","5.9","5.5","4.6","4.3","3.3","3.5","3.3","3.6","3.3","3.6"
"Montérégie, Quebec","5.9","5.9","6.2","6.0","6.3","6.1","5.7","5.6","5.9","6.0","5.7","5.2","5.7","6.5","7.4","7.7","7.4","6.8","6.2","6.1","6.0","5.6","4.8","4.7","5.0","5.7","5.8","5.5","4.8","4.9","4.3","4.6","4.3","4.4","4.2","3.9","4.3","4.7","5.0","4.7","4.1","3.8","3.8","4.7","4.7","4.6","4.0","4.2","4.3","4.7","5.2","5.2","4.7","4.1","3.6","3.5","3.3","3.3","3.4","3.4","3.7","3.7","5.1","10.1","13.6","14.2","10.6","8.7","7.4","6.8","6.8","7.2","7.9","7.6","7.0","6.2","5.6","5.4","5.3","5.3","5.1","4.8","4.4","4.4","4.5","4.6","4.6","4.3","4.0","3.7","3.7","3.8","3.5","3.2","3.1","3.6","4.1","4.3","4.4","4.1","3.9","3.6","4.1","4.4","4.2","3.7","3.2","3.3","3.8","4.1","4.4","4.2","4.1","4.5","4.9","5.1","4.6","4.4","4.3","4.5","4.4","4.3","4.8","5.0","5.1","5.2","4.8","4.9","4.5","4.4","4.0","3.9"
"Montréal, Quebec","9.4","9.8","10.6","10.8","11.0","11.1","11.5","11.5","10.8","10.3","9.9","10.4","10.9","11.1","11.3","11.0","10.7","10.4","10.3","10.3","9.6","8.5","7.3","7.1","7.4","8.0","8.5","8.6","8.5","8.4","8.3","8.7","8.4","8.4","7.7","7.5","7.2","7.7","8.0","7.9","7.4","7.5","7.6","7.8","7.6","7.0","6.3","6.1","6.7","7.1","7.3","6.8","6.8","7.2","7.8","8.0","7.5","7.0","6.6","6.7","6.8","6.7","7.5","10.7","14.5","16.5","15.8","14.9","13.1","11.1","9.2","8.4","8.7","8.6","9.4","9.2","9.4","9.1","9.4","9.3","8.6","7.5","6.3","6.1","6.0","6.2","6.2","5.8","5.7","5.8","5.9","6.5","6.4","6.0","5.0","4.7","5.2","5.7","6.0","6.0","5.3","5.3","5.7","6.4","6.3","6.4","6.7","7.3","7.2","7.3","7.7","7.8","7.4","7.5","7.6","8.4","8.0","8.5","8.1","8.1","8.1","7.9","8.3","8.1","8.3","8.6","8.8","9.4","8.6","8.0","6.9","6.8"
"Laval, Quebec","6.6","6.2","6.4","5.8","6.2","6.7","8.1","9.4","9.6","9.5","8.9","9.1","9.1","8.8","8.3","8.3","6.9","5.6","4.2","5.7","6.8","8.2","8.3","9.2","8.7","8.7","7.2","6.3","5.8","5.6","6.0","6.3","6.9","6.8","6.4","6.0","5.9","6.4","6.5","5.9","5.1","4.2","4.0","4.3","5.1","5.6","5.4","5.2","5.8","6.1","6.6","5.6","5.2","4.7","4.5","4.0","3.7","3.4","3.3","3.4","4.5","4.6","6.7","10.8","14.5","13.2","9.5","7.5","7.0","6.4","6.1","6.7","8.1","8.4","8.8","7.7","7.8","6.6","6.6","7.1","7.8","7.7","5.7","4.1","3.5","2.8","3.2","3.6","4.6","4.9","5.5","5.9","5.8","5.0","4.2","3.9","4.6","4.9","5.3","5.2","5.5","5.5","5.5","5.9","6.3","6.3","6.0","5.7","5.5","5.4","5.5","5.7","6.0","6.2","6.6","7.1","6.8","5.9","4.9","5.0","6.0","7.0","7.3","6.6","6.2","6.3","6.4","6.8","6.6","6.9","6.1","6.3"
"Lanaudière, Quebec","7.2","7.8","8.0","8.7","8.9","9.5","9.0","9.3","8.0","7.5","6.6","7.1","7.3","7.1","7.5","7.6","7.2","5.9","5.2","5.1","5.5","6.0","6.6","7.6","8.3","8.1","7.5","6.7","5.9","5.7","5.1","5.7","5.3","5.5","4.6","4.8","5.1","6.2","6.7","6.3","5.6","4.5","4.5","5.4","6.2","6.1","5.2","4.7","4.8","4.6","4.5","4.5","4.5","4.1","3.4","3.2","3.4","3.8","4.2","3.7","4.0","4.1","6.1","11.0","14.3","13.6","9.5","6.6","6.0","5.3","4.6","4.8","5.8","6.3","6.5","5.4","4.9","3.8","3.5","4.1","5.1","5.9","5.7","5.2","5.7","6.0","6.2","4.8","3.9","3.4","3.6","4.4","4.9","4.9","4.8","5.1","6.6","6.8","6.3","5.5","5.1","4.5","4.5","3.7","4.0","3.4","4.0","4.1","4.6","4.0","4.3","4.5","5.5","6.3","7.3","8.2","7.6","5.6","4.5","4.1","5.0","5.0","5.4","5.7","5.3","5.1","4.4","4.6","4.4","4.3","3.9","4.0"
"Laurentides, Quebec","8.3","8.2","9.1","8.9","8.6","7.6","6.2","5.6","4.8","5.2","4.7","5.4","5.6","6.2","6.5","7.7","7.7","7.5","7.2","6.8","6.0","4.7","4.1","3.9","4.5","5.4","6.7","7.2","6.5","5.5","5.3","6.4","6.3","5.7","4.9","5.7","5.8","6.6","6.3","6.6","6.1","5.5","5.4","5.7","5.2","4.9","4.8","5.5","5.4","5.0","4.8","4.3","3.4","2.7","3.4","3.8","4.5","5.2","5.4","5.6","5.2","5.8","7.2","13.3","15.9","16.2","11.2","10.8","9.9","10.4","9.3","9.4","8.7","8.1","7.4","5.8","6.0","5.6","5.4","4.5","5.0","4.5","4.5","3.5","4.1","4.5","4.4","4.8","4.5","4.4","4.1","3.9","3.9","3.0","2.1","1.9","1.9","2.2","2.4","2.9","3.0","3.2","3.0","4.0","4.7","5.3","5.4","5.1","5.5","4.6","4.4","3.4","3.4","3.1","3.8","4.3","4.3","3.8","3.3","3.6","3.8","4.2","4.6","4.9","4.3","3.8","3.7","4.5","4.4","3.9","3.1","3.8"
"Outaouais, Quebec","8.1","8.6","8.9","8.7","8.2","7.2","6.7","6.6","7.0","7.1","7.0","6.8","7.7","7.8","8.4","7.8","8.1","7.6","7.6","7.8","7.8","7.9","7.1","6.5","6.0","6.0","6.2","6.3","5.9","5.2","5.1","5.7","6.2","6.2","5.3","4.9","4.8","5.0","5.7","5.8","5.8","5.0","5.0","5.3","5.4","4.9","4.1","4.1","4.8","5.7","6.6","6.4","5.9","4.5","4.0","4.2","4.7","4.8","4.5","4.8","4.8","5.1","6.5","10.0","12.1","11.7","9.3","8.5","8.0","7.5","6.5","6.3","7.1","7.8","7.8","7.0","6.2","5.7","5.0","5.0","4.6","4.1","3.6","3.8","4.6","4.7","4.5","3.5","3.4","3.1","3.3","3.6","3.9","3.8","3.2","3.0","3.5","4.3","4.8","4.6","3.9","3.7","3.6","4.1","4.1","3.9","3.7","3.9","4.3","4.5","4.6","5.0","5.3","5.6","5.9","6.8","6.8","6.3","5.5","5.4","5.7","5.5","5.5","5.8","6.4","6.3","6.4","7.1","7.6","7.6","7.1","6.9"
"Abitibi-Témiscamingue, Quebec","7.8","8.4","8.2","8.2","8.0","7.3","6.3","5.9","5.6","6.0","5.5","6.4","6.6","7.5","8.1","8.3","8.2","7.6","6.7","6.1","5.5","5.4","5.2","6.0","6.5","6.8","6.1","5.9","5.5","5.5","4.6","4.5","4.9","4.9","4.5","4.3","4.8","4.9","4.2","4.1","4.6","4.9","4.5","3.4","2.6","2.6","2.3","2.8","3.0","3.8","3.7","4.6","5.6","5.6","4.6","3.9","3.7","3.7","3.2","3.7","4.2","4.1","6.0","10.1","13.2","11.8","7.4","4.9","4.5","4.7","4.6","5.1","7.3","7.8","7.8","5.8","4.8","4.0","4.0","4.2","4.4","4.2","3.7","3.2","3.6","3.7","3.8","3.2","3.5","3.1","2.6","2.9","3.2","3.6","3.2","3.2","3.4","3.4","3.2","3.0","3.5","3.6","3.4","2.8","2.7","2.8","3.6","3.0","3.0","2.0","1.9","1.9","2.3","2.6","2.6","3.4","4.1","4.0","3.9","3.2","3.6","3.7","4.2","4.4","4.2","4.1","3.8","4.5","4.4","4.1","3.2","3.0"
"Mauricie, Quebec","6.2","7.0","8.2","8.3","7.0","6.1","6.3","7.7","8.1","8.0","7.8","9.0","10.6","11.2","10.2","9.4","7.9","6.6","5.1","5.0","5.4","5.7","5.5","6.2","7.1","8.3","8.2","7.7","6.4","5.5","4.8","5.7","6.1","5.9","4.6","4.4","5.2","6.9","7.8","7.5","5.8","4.3","3.7","4.5","4.8","5.1","4.0","4.2","4.0","5.1","5.8","6.1","5.8","5.5","5.1","4.8","4.9","5.2","6.7","6.7","6.5","5.8","8.0","11.2","13.9","13.0","10.6","8.7","7.7","6.9","6.7","6.7","8.3","7.8","8.9","7.3","7.3","5.9","5.3","5.2","5.0","4.7","3.6","3.1","4.1","5.1","5.2","4.5","4.1","3.7","3.5","3.8","4.9","5.8","5.1","4.4","4.5","4.9","5.2","4.2","3.4","2.9","2.5","4.0","4.6","5.9","5.8","6.4","5.6","5.7","5.4","5.3","4.4","3.9","3.6","3.7","4.2","4.7","5.3","5.5","5.7","6.3","7.0","7.7","6.4","5.5","4.7","5.4","5.0","4.3","3.3","3.5"
"Saguenay-Lac-Saint-Jean, Quebec","9.4","9.8","10.6","9.6","9.3","7.8","8.3","8.5","9.3","8.9","7.6","7.3","8.4","10.5","12.2","11.9","10.4","8.2","6.6","5.8","5.9","5.8","6.3","6.7","8.5","9.1","9.7","9.3","9.4","8.4","7.2","6.1","5.6","5.0","5.0","4.9","5.7","5.9","7.2","7.5","7.7","6.6","5.8","5.5","5.4","5.2","5.4","5.6","6.7","6.9","7.5","7.1","6.7","5.5","4.8","4.7","4.5","4.4","4.3","5.1","6.2","7.3","9.7","15.4","18.1","17.2","11.8","8.6","6.6","5.0","4.5","5.1","6.6","7.0","6.9","6.6","6.8","6.3","5.4","5.1","5.3","5.3","4.8","4.6","5.5","5.2","5.6","4.7","4.8","3.7","2.8","2.8","2.9","3.4","3.1","3.1","3.3","3.4","3.6","3.4","3.8","3.4","3.1","3.0","2.8","2.7","3.0","3.5","3.8","3.8","3.8","3.9","2.9","2.7","2.4","3.2","2.8","3.2","2.8","3.5","3.7","4.2","4.7","5.4","5.1","4.5","3.8","3.8","3.8","3.9","4.2","4.8"
"Côte-Nord and Nord-du-Québec, Quebec","11.1","12.1","13.2","12.6","11.8","10.0","9.3","9.5","9.5","8.6","8.0","8.2","9.4","11.2","11.8","12.4","11.5","9.9","7.1","5.6","6.4","6.9","6.8","6.5","6.8","7.3","7.9","7.9","7.6","6.2","5.1","4.5","4.9","5.2","4.9","4.9","5.2","5.8","6.8","6.2","6.4","5.0","4.2","4.1","4.3","5.3","4.7","4.5","4.0","4.3","5.1","5.8","5.8","5.2","4.1","3.7","3.6","4.5","5.4","5.8","6.0","5.3","6.7","11.0","14.4","14.3","9.6","6.5","4.8","5.3","4.9","4.5","4.8","5.2","5.3","3.8","3.4","4.0","4.4","4.5","5.3","4.6","4.4","3.3","4.2","5.2","6.1","5.3","4.4","3.7","4.2","5.4","5.0","4.5","3.6","3.6","2.9","x","x","3.0","3.4","3.3","3.3","3.1","x","x","x","3.3","4.0","4.8","6.2","6.4","5.7","4.6","3.8","3.7","3.3","2.8","3.1","3.8","5.0","5.0","4.9","4.3","4.1","3.6","3.4","4.4","5.9","5.5","3.9","2.9"
"Ontario","6.6","6.8","7.1","7.1","7.0","6.7","6.8","7.2","7.2","6.9","6.4","6.3","6.4","6.6","7.0","7.1","7.1","6.7","6.6","6.9","6.8","6.5","5.9","5.7","6.0","6.2","6.6","6.3","6.4","6.2","6.5","6.4","6.2","5.8","5.4","5.2","5.4","5.5","5.8","5.7","5.8","5.8","6.0","6.2","6.1","5.8","5.2","4.9","5.1","5.4","5.9","6.0","5.9","5.6","5.7","6.0","5.9","5.4","4.9","4.8","4.9","5.2","6.6","8.7","11.8","13.0","13.1","12.2","11.1","9.8","8.6","8.5","9.1","9.6","9.3","8.9","9.0","9.2","9.0","8.7","8.2","7.4","6.4","5.8","6.3","6.2","6.3","5.6","5.5","5.3","5.4","5.7","5.8","5.6","5.2","4.9","5.0","5.0","5.3","5.1","5.3","5.4","5.8","6.2","6.2","6.1","5.7","5.6","5.7","6.1","6.6","6.7","6.9","6.9","7.1","7.5","7.5","7.2","6.8","6.9","7.2","7.2","7.6","7.6","7.9","7.8","8.0","8.3","8.3","7.9","7.2","7.0"
"Ottawa, Ontario","6.4","6.9","7.1","6.6","6.5","6.7","7.2","7.7","7.3","6.9","6.0","5.6","5.9","6.6","7.3","7.5","7.0","6.9","6.8","7.2","6.8","6.2","5.4","5.2","5.0","5.1","5.7","6.0","6.3","6.3","6.6","6.8","6.6","6.2","5.5","4.9","4.7","4.8","4.8","4.3","4.3","4.5","4.9","5.4","5.1","4.9","4.3","4.5","4.9","4.9","5.2","5.5","5.5","5.4","5.1","5.3","4.9","4.3","3.9","3.7","3.8","4.0","5.0","6.6","8.7","9.9","10.0","9.7","8.4","7.6","6.4","6.3","6.5","6.3","6.4","6.3","7.4","7.8","7.6","7.3","6.5","5.9","4.6","4.3","4.8","5.0","5.2","4.8","4.5","4.2","4.3","4.5","4.5","4.1","3.6","3.4","3.5","3.8","4.1","4.3","4.5","4.2","4.5","5.0","5.3","5.1","4.4","4.1","4.1","4.5","5.2","5.7","5.9","5.9","6.2","6.6","6.5","6.3","5.7","5.3","5.3","5.3","5.5","5.5","5.7","6.1","6.4","7.1","7.4","7.2","6.5","6.3"
"Kingston-Pembroke, Ontario","7.4","7.6","8.5","8.4","7.9","7.0","7.2","7.9","7.8","6.6","5.5","5.6","6.3","7.4","7.8","8.3","7.2","6.7","6.2","6.5","6.6","6.1","4.9","3.9","3.7","4.4","5.5","6.1","6.5","6.8","6.8","7.1","6.9","6.5","5.6","4.6","4.5","4.3","5.1","4.9","5.3","5.3","5.8","6.1","5.5","4.9","4.5","4.9","5.6","6.0","5.9","5.6","5.1","4.8","4.9","6.0","6.6","6.8","5.7","5.9","5.8","6.4","7.9","10.5","12.8","12.1","10.2","9.6","8.6","7.4","5.7","6.0","7.6","8.7","9.4","10.2","9.9","9.3","8.5","7.5","7.1","5.5","4.9","3.9","4.3","4.6","5.1","4.4","4.1","3.7","4.2","4.6","4.9","4.3","3.8","4.5","5.4","5.4","5.2","4.4","4.6","4.9","5.9","6.1","5.7","4.7","4.3","4.1","4.3","4.7","5.1","5.1","5.0","5.3","6.0","6.5","6.0","5.1","4.9","5.5","6.6","6.1","5.9","5.8","6.7","7.3","7.1","6.9","6.1","6.3","6.2","7.1"
"Muskoka-Kawarthas, Ontario","6.8","7.0","7.9","9.0","10.1","9.1","7.5","6.6","6.5","6.3","5.8","5.8","5.4","5.5","6.2","6.6","7.0","7.2","8.1","8.4","7.1","5.2","4.3","4.2","5.7","5.7","6.3","6.0","6.5","6.9","6.0","6.5","5.7","5.7","4.8","4.7","5.6","6.1","6.4","7.0","6.9","7.9","6.5","6.7","6.9","7.1","5.6","3.6","5.4","6.9","8.1","6.4","5.6","5.2","5.7","5.8","5.2","5.2","5.9","8.0","8.5","9.6","10.7","10.9","11.4","9.3","9.4","8.5","8.8","8.4","8.0","7.3","7.8","8.2","8.8","7.4","7.3","6.7","8.6","9.0","9.2","7.2","6.0","5.5","5.8","5.1","3.9","3.4","4.2","5.0","5.1","3.9","3.7","3.2","3.2","3.4","4.5","5.1","5.3","4.2","3.7","3.6","4.1","4.3","3.8","3.3","2.6","3.1","2.9","3.8","4.8","5.2","4.3","3.0","3.6","3.8","3.5","2.6","3.0","3.9","5.6","6.9","8.2","9.6","10.2","9.3","7.8","6.9","6.1","4.6","3.3","3.8"
"Toronto, Ontario","7.2","7.1","7.3","7.2","7.3","7.2","7.3","7.6","7.6","7.5","6.9","6.8","6.6","6.7","7.0","7.2","7.4","7.1","7.0","7.2","7.4","7.2","6.5","6.2","6.5","6.8","7.0","6.6","6.7","6.6","7.1","7.0","6.8","6.2","5.9","5.7","5.7","5.7","5.8","5.7","6.2","6.3","6.6","6.8","6.7","6.4","5.8","5.4","5.5","5.8","6.3","6.3","6.3","6.0","6.1","6.4","6.2","5.8","5.1","4.9","5.0","5.2","6.6","8.7","12.3","14.3","15.3","14.3","13.2","11.4","10.1","9.9","10.5","10.9","10.4","9.7","9.9","10.3","10.3","9.9","9.3","8.5","7.3","6.7","7.1","7.0","7.0","6.2","6.2","6.2","6.2","6.5","6.5","6.5","6.0","5.5","5.3","5.1","5.5","5.2","5.8","6.1","6.7","7.0","7.0","6.9","6.4","6.1","6.3","6.6","7.3","7.5","7.9","7.9","8.1","8.6","8.6","8.3","7.9","7.8","8.3","8.2","8.7","8.6","9.1","9.0","9.5","9.5","9.5","8.9","8.0","7.6"
"Kitchener-Waterloo-Barrie, Ontario","5.2","5.4","5.7","6.2","6.0","5.2","5.1","5.8","5.9","5.3","4.4","4.6","5.0","5.3","5.8","5.7","5.7","5.3","5.4","5.7","5.6","5.4","4.7","4.8","5.1","5.5","5.8","5.6","5.6","5.0","5.2","4.8","4.9","4.6","4.1","4.0","4.2","5.0","5.8","5.9","6.0","5.5","5.4","4.9","4.5","4.2","3.8","3.5","3.6","4.0","5.0","5.7","5.9","5.5","5.5","5.6","5.8","5.3","4.9","4.5","4.4","4.5","5.8","8.4","11.6","12.2","11.5","10.3","9.7","8.9","7.9","7.6","8.6","9.5","9.3","8.5","7.8","7.6","6.9","6.9","6.6","6.2","5.3","4.8","5.2","5.2","5.8","5.3","5.2","4.5","4.5","5.1","5.5","5.4","5.0","4.9","4.9","4.8","5.0","5.1","5.4","5.2","5.0","5.1","5.3","5.7","5.7","5.9","5.8","5.9","6.0","6.1","6.0","5.7","5.8","6.3","6.6","7.0","6.9","7.1","7.1","7.0","7.1","6.9","6.7","6.4","6.5","6.8","7.2","7.4","7.3","7.4"
"Hamilton-Niagara Peninsula, Ontario","5.9","6.2","6.4","6.1","5.7","5.5","5.9","6.3","6.2","5.9","5.9","6.0","6.9","7.0","7.3","6.7","6.7","6.3","6.1","6.4","6.5","6.4","5.8","5.5","5.7","5.9","6.1","5.8","5.8","5.5","5.5","5.4","5.3","5.2","5.0","5.0","5.3","5.6","6.3","5.8","5.6","4.9","5.6","6.2","6.4","5.9","5.2","4.9","4.7","4.5","4.7","4.9","4.9","4.9","5.2","5.3","5.4","4.7","4.5","4.2","4.8","5.1","6.8","9.1","12.0","13.5","12.9","11.9","9.8","8.4","7.0","7.4","8.3","9.3","9.2","9.3","8.9","8.9","8.2","8.2","7.4","6.9","6.3","6.0","5.9","5.7","6.0","5.5","5.0","4.4","4.4","4.8","5.1","5.1","4.6","4.5","4.9","5.3","5.6","5.2","4.6","4.7","5.3","6.0","6.0","5.6","5.2","5.1","5.7","6.4","7.0","7.0","7.0","7.1","7.2","7.0","6.5","6.0","5.9","5.9","6.3","6.7","7.4","7.3","6.9","6.5","6.9","7.6","7.6","6.9","6.4","6.6"
"London, Ontario","6.1","6.6","7.0","6.6","5.8","5.0","5.2","5.6","6.8","6.8","6.4","5.6","5.2","5.9","6.7","7.4","6.8","6.3","6.3","6.6","6.2","5.6","5.4","5.5","5.6","5.2","6.0","5.8","6.2","5.6","5.7","5.8","5.7","5.8","5.6","5.7","6.3","6.4","6.5","5.9","5.7","5.8","6.3","6.2","6.0","5.3","5.0","4.8","5.2","5.3","5.5","5.3","5.2","4.8","5.6","6.3","6.4","5.7","4.7","4.7","4.6","4.9","5.8","8.5","10.9","11.2","9.9","9.0","8.7","8.0","7.6","7.7","8.0","7.7","7.9","8.7","9.8","9.7","8.9","8.2","8.0","7.4","6.5","5.5","5.8","5.6","5.6","5.0","5.4","5.7","5.9","6.2","6.0","5.7","4.6","4.3","4.4","4.8","5.2","4.8","4.9","5.0","5.8","6.1","6.3","5.7","5.4","4.9","5.2","5.4","6.0","5.7","5.8","6.1","6.9","7.6","7.3","6.6","5.7","5.7","5.8","5.7","5.4","5.7","6.4","6.5","6.4","6.4","6.7","6.7","6.4","6.9"
"Windsor-Sarnia, Ontario","7.6","8.3","9.5","9.7","9.4","7.9","8.2","8.2","8.8","8.2","8.1","8.2","8.3","7.7","7.5","7.3","7.0","6.7","6.2","6.5","6.1","5.9","5.6","5.5","5.9","6.2","6.6","6.8","6.8","6.7","6.9","7.0","6.4","6.2","5.1","5.0","4.6","5.0","5.8","5.9","5.8","5.4","5.8","6.4","6.7","6.1","5.1","4.6","4.8","5.7","6.2","6.1","5.4","5.2","5.8","6.8","7.0","6.5","6.3","6.4","7.5","7.7","10.3","12.7","16.5","15.9","14.0","12.2","11.0","10.8","9.1","9.0","9.0","9.9","9.7","9.7","9.5","9.8","9.4","9.2","9.1","8.4","7.4","6.4","7.1","7.4","7.5","6.3","5.9","5.5","5.9","6.6","7.2","6.8","6.4","6.1","5.8","5.8","6.1","6.2","5.9","5.3","5.7","6.2","6.7","7.2","6.9","7.0","6.6","6.9","7.1","7.2","7.3","7.5","7.9","8.4","8.3","8.1","7.7","8.0","8.2","8.8","9.2","10.1","9.9","9.6","9.5","10.5","10.0","8.9","6.9","6.6"
"Stratford-Bruce Peninsula, Ontario","5.1","5.5","5.9","6.0","5.5","4.7","5.7","6.4","7.1","6.1","5.6","5.3","5.8","5.8","6.2","6.1","5.6","4.9","4.1","5.0","4.9","4.5","3.7","4.3","5.6","6.4","6.8","5.9","4.6","3.8","3.3","3.8","3.8","3.7","3.7","3.8","4.4","4.9","5.2","4.7","3.4","3.1","3.1","3.6","3.5","3.7","3.7","3.7","4.3","5.3","6.8","6.4","5.0","3.5","3.3","3.7","3.7","2.7","2.4","2.5","3.4","4.2","5.3","8.0","9.3","9.5","8.4","8.9","8.4","7.0","5.6","5.6","6.2","7.2","6.6","6.4","4.5","4.2","3.9","4.2","4.2","3.4","3.0","2.9","4.4","4.4","4.5","3.4","4.2","4.4","4.5","3.8","2.9","2.4","2.7","3.6","4.5","4.6","5.9","6.1","5.9","4.6","4.4","4.5","4.0","3.5","3.7","4.4","4.8","4.5","4.1","3.5","3.1","2.4","2.8","3.7","4.4","3.8","3.5","3.8","5.8","6.0","5.4","4.2","3.9","4.3","4.1","4.9","4.8","4.3","3.9","4.0"
"Northeast, Ontario","6.4","7.7","8.0","7.8","7.6","7.4","7.3","7.6","7.7","7.6","7.4","7.8","8.0","8.1","8.6","8.7","8.5","7.8","7.4","7.3","6.8","7.0","6.9","7.2","7.5","7.8","8.4","8.1","7.7","6.8","6.9","7.3","7.3","6.4","5.4","5.4","6.4","7.1","7.6","7.0","6.5","6.0","6.0","6.2","6.1","5.9","5.8","5.9","6.1","6.0","6.3","6.6","6.9","7.1","6.6","6.7","6.1","6.2","5.7","5.6","5.4","5.3","6.5","8.3","10.2","10.5","9.6","8.9","8.2","7.9","7.1","6.8","7.1","7.7","8.2","8.3","8.1","7.4","7.0","7.2","6.9","6.1","5.1","4.9","5.6","5.3","5.4","4.7","4.6","4.0","3.9","4.1","4.4","4.3","3.9","4.0","4.7","5.4","5.8","5.3","5.0","4.6","5.0","5.2","5.5","5.6","5.4","5.8","6.2","6.7","6.6","5.9","5.8","5.4","5.8","6.2","6.2","6.2","5.6","5.6","5.6","5.1","5.2","5.3","5.9","5.9","5.5","6.1","6.4","6.5","6.3","6.5"
"Northwest, Ontario","6.6","5.9","6.0","5.8","6.3","5.8","6.0","6.4","6.6","5.8","5.4","5.6","6.5","7.3","8.1","8.2","8.3","7.3","6.8","6.3","6.1","6.1","6.0","6.2","6.4","6.4","6.8","6.5","5.9","5.2","5.1","5.2","5.2","5.2","5.0","5.2","5.3","5.7","6.0","6.3","6.1","5.6","5.2","5.6","5.4","5.1","4.5","4.6","4.9","5.2","5.8","5.8","5.8","6.0","5.7","5.4","4.6","4.4","4.4","4.8","5.1","5.4","7.2","9.3","11.2","10.9","9.7","8.4","7.1","6.5","6.1","6.1","7.0","7.5","7.7","7.7","7.9","7.6","6.8","6.6","6.1","6.1","5.3","5.6","6.1","6.0","6.1","5.5","5.3","4.4","4.1","4.5","4.9","4.9","4.3","4.3","4.3","4.9","4.8","4.9","4.8","4.7","4.9","5.2","5.2","4.3","3.8","3.9","4.3","4.5","4.7","4.7","4.2","3.8","3.9","4.4","4.7","4.7","4.6","4.9","5.3","5.2","4.6","4.1","3.8","4.0","4.1","4.5","4.6","4.8","5.0","5.4"
"Manitoba","5.4","5.7","5.8","5.6","5.6","5.3","5.7","6.2","6.4","5.8","5.2","5.3","5.8","6.0","6.2","6.1","6.0","5.9","6.2","6.6","6.7","6.2","5.6","5.4","5.7","5.8","5.9","5.7","5.5","5.1","5.1","5.4","5.5","5.1","4.8","4.9","5.4","5.7","6.1","6.3","6.3","6.0","6.0","6.3","6.2","5.8","5.3","5.5","5.7","5.8","5.6","5.4","5.2","5.2","5.5","5.9","5.7","5.2","4.9","4.8","5.0","5.0","5.8","7.9","10.1","11.1","10.3","9.7","8.6","7.6","6.8","7.1","7.8","7.7","7.5","7.2","7.2","7.2","7.0","7.2","6.5","5.7","4.7","4.7","4.9","4.8","4.7","4.8","4.7","4.3","4.1","4.9","5.1","4.9","3.9","4.0","4.1","4.4","4.7","4.9","4.9","4.7","4.8","5.6","5.8","5.4","4.6","4.4","4.2","4.3","4.8","5.3","5.4","5.1","5.4","6.2","6.3","6.0","5.4","5.6","5.8","6.0","6.1","6.0","5.9","5.4","5.6","6.3","6.5","6.3","5.5","5.4"
"Southeast, Manitoba","5.5","5.9","5.8","6.2","6.2","5.3","5.2","5.7","5.8","5.0","4.7","5.0","6.0","6.3","6.0","5.6","5.6","5.2","4.9","4.7","4.6","4.2","3.3","3.3","3.8","4.6","5.2","5.4","5.3","4.6","3.6","3.3","3.1","3.5","3.7","4.4","5.2","4.9","4.8","5.0","5.3","5.0","4.9","5.2","4.4","4.1","3.5","4.7","5.3","5.5","4.9","4.2","3.5","3.2","3.3","4.1","4.6","4.6","4.5","5.0","5.7","5.7","5.5","6.2","7.1","7.8","7.3","6.8","6.0","5.5","5.0","5.8","6.0","6.4","7.0","7.6","7.1","5.8","4.7","5.7","5.1","4.4","4.0","5.1","5.5","5.2","5.0","5.2","5.7","4.8","4.2","4.5","4.3","3.9","2.6","3.1","3.7","4.1","3.9","3.6","3.8","3.4","3.4","3.6","3.9","4.3","4.2","5.1","5.1","5.5","5.2","4.8","3.9","3.7","4.1","4.7","4.3","4.1","4.1","4.3","3.9","3.9","4.9","5.5","5.2","4.1","3.6","3.6","3.3","3.6","4.2","5.1"
"South Central and North Central, Manitoba","2.7","2.9","3.1","3.2","3.7","3.7","4.3","5.1","5.5","4.9","4.2","3.7","3.6","3.4","3.4","3.6","3.5","4.2","4.8","5.4","5.2","4.1","3.4","2.7","3.0","3.1","3.6","3.9","3.6","3.6","3.4","3.8","3.9","3.6","3.4","3.7","3.9","3.4","3.0","3.2","3.6","3.4","3.8","4.6","4.7","4.4","3.9","3.8","3.6","3.7","4.1","4.8","5.0","4.9","4.7","5.5","4.9","4.6","4.3","4.7","4.8","4.7","5.5","6.3","6.9","6.8","5.7","4.7","4.1","3.7","2.9","2.7","3.8","4.6","5.8","6.7","6.9","7.5","7.7","8.6","7.0","5.1","3.7","3.2","4.1","3.9","3.7","3.2","3.3","3.0","3.0","4.7","4.8","5.1","3.9","4.7","3.8","3.5","3.0","3.5","3.5","3.6","4.5","5.6","5.7","4.9","3.2","3.3","3.8","4.0","4.8","5.2","5.6","5.2","4.5","5.7","5.5","5.7","4.6","5.4","5.6","5.8","6.2","6.0","6.3","5.9","5.6","5.8","5.2","5.1","4.4","4.5"
"Southwest, Manitoba","3.5","4.0","4.3","4.2","3.7","3.2","3.6","4.6","4.8","4.2","4.2","4.7","6.0","5.9","6.3","6.2","6.3","6.1","5.1","5.1","4.6","4.7","4.5","5.0","5.3","5.5","5.6","5.9","5.8","5.5","5.1","5.5","5.5","4.8","4.1","3.9","4.1","4.4","5.0","5.1","4.7","3.9","4.2","4.5","4.5","3.9","3.0","3.8","4.6","5.0","4.5","5.0","5.8","5.7","5.2","5.0","4.7","4.8","5.0","5.6","5.4","4.8","5.4","7.9","9.0","9.8","7.5","7.8","7.0","6.2","5.3","5.1","6.0","5.7","5.4","4.8","5.0","5.5","5.7","5.2","4.3","4.1","4.4","5.6","6.1","5.8","4.7","4.1","3.6","3.7","3.7","4.5","3.9","3.7","3.0","3.7","3.8","3.5","3.8","4.5","4.7","4.5","5.2","5.9","6.0","6.3","6.0","6.0","5.2","5.0","5.0","5.3","5.3","5.1","4.7","5.2","4.6","4.5","4.1","4.8","4.5","4.7","5.2","5.7","5.4","4.6","4.8","5.6","6.2","5.7","4.9","4.7"
"Winnipeg, Manitoba","6.1","6.3","6.5","6.0","6.1","5.9","6.2","6.6","6.8","6.4","5.9","6.0","6.3","6.3","6.5","6.4","6.4","6.3","6.7","7.5","7.7","7.1","6.5","6.3","6.5","6.6","6.7","6.3","5.8","5.4","5.6","6.1","6.3","5.8","5.4","5.3","5.9","6.5","7.0","7.1","7.0","6.7","6.9","7.1","7.0","6.5","5.9","5.7","5.8","5.9","5.9","5.5","5.3","5.3","5.8","6.2","6.1","5.5","5.1","4.8","4.9","4.9","5.9","8.4","11.2","12.5","12.0","11.4","10.5","9.3","8.2","8.3","8.8","8.5","8.2","7.7","7.7","7.7","7.6","7.7","7.1","6.3","5.2","4.8","4.8","4.7","5.0","5.2","5.0","4.5","4.2","5.0","5.3","5.2","4.3","4.0","4.2","4.8","5.3","5.5","5.4","5.2","5.3","6.0","6.0","5.4","4.5","4.0","3.8","3.9","4.7","5.5","5.7","5.4","5.8","6.6","6.9","6.5","5.9","5.9","6.0","6.1","6.1","5.9","5.9","5.8","6.2","7.0","7.4","7.0","6.0","5.6"
"Interlake, Manitoba","4.9","5.5","4.9","5.2","4.9","4.9","4.6","5.5","5.9","5.1","3.9","3.7","4.7","6.3","7.8","8.5","7.6","7.2","6.8","7.0","6.6","5.7","5.2","5.3","5.7","5.4","5.1","4.3","4.2","3.5","3.5","3.9","4.0","4.0","3.4","4.1","4.3","4.7","5.4","6.6","7.3","6.8","5.8","5.0","5.6","5.7","6.7","6.5","7.6","7.2","6.4","5.7","5.1","4.9","5.0","5.2","5.1","4.3","3.7","3.5","4.3","5.3","6.8","9.1","11.0","11.6","9.1","7.0","5.1","4.5","4.6","6.5","7.7","7.5","6.3","6.0","6.6","6.7","6.5","6.2","5.5","4.6","3.8","4.3","4.8","4.7","3.3","3.6","4.2","4.7","5.3","6.9","6.9","5.5","3.9","4.0","4.5","4.4","4.4","4.9","4.9","4.5","3.5","4.5","5.5","5.6","4.9","4.8","5.0","4.8","4.5","4.9","5.2","4.7","4.1","4.5","4.7","5.1","4.4","4.6","5.1","6.0","6.1","5.8","5.8","5.2","4.4","5.1","5.2","6.0","6.0","5.9"
"Parklands and North, Manitoba","4.8","6.0","5.7","5.9","5.9","6.2","6.6","7.5","7.0","6.1","4.4","4.4","4.7","4.8","4.6","4.3","4.7","4.1","4.8","5.0","5.5","5.1","4.4","4.5","4.9","4.7","4.2","4.4","5.7","6.2","5.9","5.5","4.6","4.1","4.1","4.8","5.5","5.2","5.6","6.1","6.0","5.3","4.7","6.1","6.6","7.1","6.9","7.7","8.2","7.9","7.6","6.6","6.7","7.0","8.0","8.6","7.9","6.1","5.1","5.2","5.1","5.2","5.4","6.2","7.6","8.5","9.0","7.7","5.6","4.0","4.0","6.3","8.5","9.0","7.9","7.4","6.8","5.8","5.1","6.1","6.2","5.6","4.2","4.2","4.4","4.1","4.2","3.8","4.1","3.5","3.4","3.4","2.8","3.4","3.9","4.8","4.3","4.0","3.7","4.3","3.7","3.4","3.5","6.4","7.5","7.2","6.2","5.7","5.1","4.4","4.7","5.0","5.0","5.1","6.5","8.8","9.1","8.0","6.3","8.0","10.2","11.7","10.7","8.4","6.4","4.9","4.8","5.3","5.5","5.4","4.9","5.0"
"Saskatchewan","3.9","4.7","5.2","5.1","5.0","4.8","5.0","5.4","5.5","5.3","5.0","5.3","5.8","6.2","6.7","7.0","6.8","6.4","6.1","6.3","6.4","6.3","6.2","6.3","6.7","6.7","6.9","6.7","6.8","6.5","6.5","6.5","6.4","5.9","5.6","5.9","6.1","6.2","6.2","6.4","6.7","6.5","6.5","6.7","6.6","6.1","5.3","5.3","5.4","5.8","5.7","5.8","5.6","5.4","5.4","5.8","5.8","5.2","5.0","5.2","5.9","6.1","7.0","9.0","11.0","11.7","10.7","9.8","8.3","7.0","6.0","6.3","7.0","7.4","7.7","7.7","7.3","6.7","6.6","6.8","6.5","5.8","5.0","5.0","5.3","5.3","5.5","5.6","5.4","4.7","4.1","4.4","4.4","4.3","3.9","4.0","4.1","4.3","4.7","5.1","4.9","4.7","4.6","5.3","5.2","4.6","4.0","4.2","4.7","4.9","5.4","5.8","5.9","5.5","5.3","5.8","5.8","5.4","4.9","5.0","5.3","5.3","5.4","5.2","4.8","4.5","4.6","5.3","5.6","5.3","5.0","5.3"
"Regina-Moose Mountain, Saskatchewan","3.3","4.2","4.8","4.6","4.3","4.1","4.4","4.4","4.2","3.8","3.8","4.1","4.6","4.9","5.4","5.9","5.9","5.9","5.6","5.4","5.2","5.1","5.1","5.2","5.6","5.5","5.4","5.5","5.7","5.8","5.6","5.5","5.5","5.0","4.6","4.5","4.8","5.3","5.4","5.6","5.9","5.9","6.2","6.2","6.3","6.2","5.4","4.9","4.3","4.6","4.9","4.8","4.7","4.6","5.1","5.2","5.7","5.2","5.5","5.2","6.3","6.5","7.8","9.1","11.0","11.2","10.5","9.5","7.9","6.0","5.1","5.9","7.2","8.0","8.4","8.7","8.1","7.4","6.8","6.7","6.5","5.7","4.7","4.3","4.3","4.9","5.5","6.3","5.7","4.8","3.9","4.8","4.8","4.7","3.7","4.0","4.1","4.5","5.0","5.5","5.4","5.1","4.8","5.5","5.6","5.2","4.7","4.7","5.0","5.5","6.0","6.8","6.8","6.4","5.8","6.0","5.8","5.3","4.7","5.5","6.0","6.2","5.5","5.1","4.8","5.2","5.8","6.3","6.7","6.1","6.1","5.9"
"Swift Current-Moose Jaw, Saskatchewan","2.2","2.7","3.9","4.6","5.1","4.6","4.0","3.7","3.8","3.4","2.9","3.1","3.7","3.9","4.5","4.2","4.2","3.7","3.9","4.3","4.3","3.7","3.2","3.2","3.2","3.4","3.6","4.0","4.5","4.5","4.3","4.0","3.7","3.8","3.4","3.7","4.1","4.4","4.5","4.3","4.1","3.9","4.4","4.7","4.6","3.8","3.6","3.8","4.4","4.6","4.9","5.3","5.5","5.1","4.5","5.1","5.2","5.4","4.6","4.1","4.2","4.2","5.9","7.7","9.2","9.4","8.3","7.6","6.6","6.3","5.9","5.9","6.1","5.7","6.4","6.6","7.3","6.7","6.6","7.3","7.5","7.3","6.1","6.7","8.1","7.6","7.4","5.9","5.5","4.7","4.4","4.7","4.5","4.0","3.6","4.1","4.0","4.0","3.6","3.8","3.2","3.3","3.4","4.6","4.6","4.4","4.1","4.6","4.9","4.6","4.6","5.6","6.4","5.9","5.2","5.4","5.7","6.0","5.1","5.1","5.3","5.7","6.3","5.6","4.6","2.6","2.4","2.4","3.9","4.3","4.7","4.1"
"Saskatoon-Biggar, Saskatchewan","4.2","5.0","5.3","5.1","4.9","4.9","5.5","6.0","6.1","5.9","5.3","5.7","6.0","6.4","6.7","7.2","7.0","6.3","5.7","6.3","6.6","6.8","6.8","6.9","7.2","7.0","7.6","7.7","8.2","7.9","8.0","7.8","7.5","6.8","6.7","7.1","7.3","6.9","6.8","7.0","7.2","6.9","6.7","6.9","6.9","6.4","5.4","5.4","5.7","6.1","6.0","6.3","6.4","5.9","5.4","5.6","5.5","4.9","4.5","4.9","5.5","6.4","7.6","10.3","12.5","13.6","12.3","11.2","9.8","8.2","7.2","6.9","7.5","7.5","8.2","8.0","7.5","6.8","7.3","7.7","7.4","6.2","5.4","5.0","5.1","4.7","4.6","4.5","4.6","4.4","4.3","4.2","4.2","4.0","3.8","3.8","4.0","4.2","4.4","4.6","4.7","4.4","4.4","5.1","5.2","4.9","4.4","4.7","5.0","4.7","5.0","5.2","5.4","5.1","5.1","5.2","5.4","5.2","4.8","4.3","4.3","4.2","4.7","4.9","4.9","4.5","4.4","5.2","5.4","5.2","4.8","5.4"
"Yorkton-Melville, Saskatchewan","3.9","3.6","3.4","3.1","3.2","2.9","3.9","5.1","6.3","6.0","5.3","5.6","6.8","7.7","8.4","8.3","7.1","6.5","5.7","6.7","6.7","6.5","6.4","6.3","7.6","7.5","7.5","6.3","5.0","4.0","3.3","4.5","4.5","5.0","4.5","6.0","7.5","8.3","8.8","8.7","8.9","7.4","6.2","5.6","4.6","4.3","3.1","3.6","4.1","5.2","5.5","5.9","4.7","3.9","2.7","3.2","3.8","3.4","3.4","5.1","6.0","5.6","5.6","7.2","9.5","9.1","7.8","6.2","5.1","4.8","5.4","6.0","5.9","5.5","5.8","5.4","5.2","5.0","4.9","5.0","4.2","3.5","2.8","4.2","5.8","5.4","5.0","4.0","4.2","2.7","2.6","2.6","3.3","3.1","3.6","4.4","5.6","5.8","6.3","6.5","5.4","4.4","4.3","4.6","4.1","2.7","2.2","2.2","3.3","5.0","6.0","6.1","4.6","4.0","4.1","5.5","6.2","6.2","5.3","5.3","5.0","4.4","3.1","3.0","2.2","2.6","3.1","4.2","4.6","4.6","3.5","3.4"
"Prince Albert and Northern, Saskatchewan","5.3","6.6","7.2","7.3","6.7","6.4","6.4","7.1","7.3","7.5","7.4","7.7","8.3","8.8","9.2","9.3","9.0","8.8","8.8","9.0","9.0","8.7","8.4","8.7","9.3","9.7","9.5","8.7","7.8","7.1","7.3","8.0","8.1","7.2","6.7","7.0","6.9","6.3","6.2","6.9","7.4","7.7","7.7","8.6","8.2","7.4","6.5","7.2","7.8","7.9","7.1","7.0","6.5","6.9","7.3","8.5","7.8","6.5","5.8","6.3","6.6","6.1","5.9","7.7","9.6","11.4","10.5","9.9","8.2","7.2","5.4","6.2","6.7","7.6","7.3","6.7","6.3","5.8","5.5","5.5","5.3","5.3","5.2","5.4","5.8","6.1","6.3","7.2","7.0","6.1","4.3","4.6","4.7","4.9","4.5","4.1","4.0","4.1","4.9","5.3","5.2","5.2","5.6","6.2","5.6","4.1","2.8","2.9","4.1","4.5","5.4","5.4","5.6","5.1","5.6","6.8","6.4","5.7","5.4","5.5","6.2","6.3","7.0","6.6","5.7","5.0","4.6","5.4","5.3","4.9","4.3","4.9"
"Alberta","4.6","5.1","5.6","6.0","6.2","6.2","6.3","6.3","6.3","6.1","6.0","6.3","7.1","7.7","8.0","8.1","8.0","8.1","8.5","8.8","8.7","8.1","7.9","8.1","8.5","8.6","8.9","8.8","8.7","8.2","8.1","8.4","8.2","7.6","7.0","6.9","6.9","6.8","6.7","6.6","6.5","6.5","6.6","6.9","6.9","6.6","6.2","6.0","6.3","6.9","7.3","7.1","6.8","6.6","6.8","7.2","7.1","6.7","6.3","6.5","7.1","7.4","8.3","10.3","13.1","14.7","14.4","13.4","12.3","11.4","10.6","10.3","10.6","10.7","10.7","10.1","9.4","8.9","8.6","8.5","8.1","7.5","7.0","6.8","7.0","7.0","7.0","6.7","6.2","5.7","5.2","5.4","5.5","5.3","5.1","5.2","5.8","6.0","6.3","6.3","6.0","5.8","5.8","6.0","5.9","5.5","5.3","5.5","6.1","6.4","6.7","6.9","7.2","7.2","7.1","7.3","7.4","7.2","6.9","6.7","6.9","6.8","7.2","7.3","7.5","7.1","7.3","7.7","8.1","7.7","6.8","6.4"
"Lethbridge-Medicine Hat, Alberta","3.9","4.9","4.8","4.6","4.5","4.5","4.3","4.9","5.1","5.2","5.0","5.4","5.7","6.8","7.5","7.8","7.8","7.4","7.3","6.6","6.2","5.8","6.0","6.6","6.8","6.7","6.5","6.6","5.8","5.0","4.3","4.5","4.8","4.9","5.1","5.6","6.3","6.7","6.4","6.1","5.1","4.8","4.1","4.4","4.1","3.9","3.7","4.3","5.3","5.8","6.3","6.8","6.9","6.4","6.2","6.6","7.2","6.0","4.8","3.8","4.3","4.8","5.5","7.4","9.3","10.1","9.4","8.9","8.9","9.4","9.8","10.7","11.3","11.0","9.8","9.4","8.2","6.5","4.9","4.8","5.4","5.2","5.4","6.4","7.2","6.7","6.0","5.6","5.4","5.1","3.9","3.7","3.2","3.5","3.3","3.3","3.8","4.2","5.0","5.7","5.7","5.3","5.9","6.2","6.0","4.9","4.4","5.6","7.6","8.3","7.3","5.9","5.6","5.3","5.4","5.4","6.2","7.0","6.4","5.6","4.7","5.4","6.7","7.3","7.2","6.1","5.9","7.3","8.8","8.6","7.4","6.3"
"Camrose-Drumheller, Alberta","4.3","5.7","6.3","6.2","4.8","3.7","3.2","3.2","3.2","2.8","4.3","5.6","6.4","6.1","6.7","7.9","8.0","7.8","8.0","8.5","8.2","7.1","6.5","7.0","8.4","9.5","9.9","9.7","8.9","7.8","6.8","7.3","7.2","7.5","6.9","6.0","5.2","4.3","4.1","3.8","3.3","3.6","3.9","4.2","4.9","5.7","6.7","6.9","7.5","8.4","9.2","8.3","7.9","6.4","5.8","5.0","4.7","4.3","3.9","4.3","5.3","6.8","7.8","9.0","10.1","12.6","13.6","13.6","12.7","13.0","12.1","10.8","9.4","9.4","9.1","8.2","7.1","6.7","7.3","8.8","9.0","9.3","7.8","7.9","5.9","5.9","5.8","5.6","5.4","4.8","5.4","6.1","6.2","5.5","3.9","3.2","3.0","4.7","5.3","6.5","5.5","5.3","3.8","3.6","3.6","3.2","2.5","3.0","4.0","4.7","4.9","4.3","4.8","4.2","4.6","4.7","4.7","4.3","4.4","5.3","5.9","5.8","5.8","5.9","6.3","5.7","5.2","5.4","5.6","5.5","4.0","4.5"
"Calgary, Alberta","4.6","5.1","5.5","5.6","6.0","6.5","7.0","7.0","6.9","6.7","6.5","6.6","7.7","8.4","8.8","8.4","8.3","8.5","9.1","9.6","9.9","10.1","10.0","9.7","9.6","9.3","9.5","9.5","9.6","8.9","8.7","8.8","8.7","8.4","7.7","7.7","7.6","7.8","7.8","7.4","7.0","7.0","7.5","8.2","8.3","8.0","7.4","7.0","7.1","7.5","8.0","7.5","6.7","6.5","6.5","7.6","7.5","7.3","6.5","6.5","6.9","7.3","8.7","10.6","13.1","14.9","14.9","14.3","12.9","11.7","10.8","10.2","10.4","10.7","10.8","10.1","9.1","9.1","9.4","9.6","8.8","7.9","7.6","7.4","7.7","7.5","7.6","7.1","6.4","5.5","5.1","5.4","5.7","5.7","5.6","5.7","6.4","6.7","7.0","6.5","6.1","5.9","6.1","6.1","5.9","5.4","5.3","5.2","5.6","6.2","7.0","7.9","8.1","8.2","7.3","7.4","7.2","7.5","7.4","7.4","7.4","7.2","7.7","7.8","8.1","7.3","7.5","7.5","8.0","7.6","7.0","6.4"
"Banff-Jasper-Rocky Mountain House and Athabasca-Grande Prairie-Peace River, Alberta","4.1","4.4","5.1","6.2","6.2","5.8","5.2","5.6","5.6","5.7","6.2","7.3","7.9","7.8","7.4","7.5","8.1","8.0","8.1","7.3","6.7","5.8","5.3","5.9","6.8","7.4","7.6","7.1","6.7","6.4","5.8","5.9","5.2","5.4","5.4","6.1","5.7","5.1","4.9","5.8","6.4","6.6","6.0","6.0","5.5","5.3","4.7","4.7","4.7","5.1","4.9","5.8","5.8","5.7","5.1","5.3","5.6","5.4","5.4","6.1","6.8","7.0","7.2","10.1","13.2","15.3","13.8","12.6","11.4","10.8","10.4","10.3","10.2","9.8","9.3","9.0","8.7","8.1","7.6","7.1","7.1","7.1","6.8","6.3","5.6","5.4","5.5","5.2","5.4","5.5","5.9","5.5","5.2","5.1","5.1","5.1","5.3","5.6","5.3","6.0","5.3","5.4","5.1","6.3","6.0","5.0","4.3","4.3","4.6","4.7","5.0","5.3","5.6","5.5","4.7","4.8","5.1","4.9","4.0","3.8","4.4","4.6","5.5","6.2","7.5","7.2","7.4","7.2","6.9","6.0","5.0","5.0"
"Red Deer, Alberta","5.4","5.3","5.0","5.5","6.6","7.5","7.2","7.3","6.4","6.5","6.0","6.6","7.4","9.0","9.3","9.7","9.1","9.7","10.3","9.7","9.2","7.3","8.2","8.2","9.3","9.0","9.5","9.7","8.8","7.2","6.3","6.4","6.1","5.2","4.7","5.7","5.8","5.6","4.8","5.2","5.3","5.7","5.7","6.8","7.5","7.0","5.9","4.5","4.6","5.0","5.7","6.7","7.9","7.2","7.3","7.1","8.1","7.6","7.1","6.8","7.6","8.7","10.5","11.8","13.5","14.6","15.0","13.5","12.1","10.9","10.3","9.5","9.2","10.1","10.5","10.7","10.3","10.2","10.3","9.9","9.0","7.8","6.9","7.0","7.3","7.3","6.8","6.7","6.8","6.0","4.8","4.5","5.0","5.7","6.5","6.8","7.8","7.7","7.7","6.9","5.9","6.1","5.8","6.8","6.8","7.4","7.8","7.9","8.1","6.8","7.0","6.6","7.7","7.5","8.0","7.9","7.6","6.6","7.1","7.7","7.9","7.5","6.8","6.7","5.9","5.0","4.7","5.4","7.0","7.4","7.3","6.1"
"Edmonton, Alberta","4.6","4.9","5.8","6.3","6.7","6.1","6.1","6.0","6.1","5.8","5.6","5.8","6.3","6.9","7.2","7.6","7.4","7.3","7.9","8.6","8.3","7.1","6.5","7.0","7.8","8.2","8.7","8.8","8.7","8.5","9.1","9.6","9.2","8.1","7.1","6.8","6.9","6.7","6.6","6.7","6.7","6.7","6.6","6.7","6.5","6.1","5.8","5.8","6.2","6.9","7.4","7.1","7.0","7.0","7.6","7.6","7.3","6.6","6.8","7.4","8.2","8.1","8.6","10.6","14.3","15.8","15.2","13.7","12.6","11.4","10.5","10.5","11.3","11.3","11.3","10.8","10.5","9.5","8.7","8.2","8.0","7.4","6.7","6.1","6.6","7.0","7.2","7.1","6.4","6.0","5.4","5.6","5.6","5.1","5.0","5.0","5.7","5.8","6.1","6.4","6.3","6.0","5.9","6.1","6.0","5.6","5.8","6.3","6.8","6.9","6.9","6.8","7.0","7.2","7.9","8.5","8.7","7.9","7.4","6.9","7.4","7.3","7.4","7.2","7.3","7.6","8.0","8.7","8.9","8.2","7.1","6.9"
"Wood Buffalo-Cold Lake, Alberta 6","5.6","7.0","7.6","8.5","8.8","8.3","8.0","7.7","7.8","7.7","8.5","8.9","9.3","9.6","10.0","10.3","9.8","9.8","9.8","9.9","9.5","9.1","8.8","8.8","9.4","9.3","9.1","8.5","8.0","7.7","7.6","8.2","8.1","7.4","6.9","6.6","6.6","6.4","6.3","6.6","6.5","6.4","6.0","5.8","6.0","5.7","5.6","5.2","5.4","5.6","5.9","5.9","5.7","5.6","6.0","6.5","6.3","5.3","4.4","4.5","5.5","5.9","6.2","8.2","10.0","11.8","11.3","11.0","10.6","9.8","9.0","8.8","9.6","9.4","9.0","7.9","7.2","6.3","6.0","6.3","6.5","6.5","6.2","6.7","7.2","6.9","6.4","5.9","5.9","6.0","5.9","6.8","6.2","5.5","4.3","4.5","4.8","4.5","4.4","4.0","4.5","4.7","5.2","6.0","5.9","5.6","4.9","4.6","4.7","4.8","5.3","5.6","5.6","5.5","5.9","7.0","7.0","6.6","5.8","5.9","5.8","5.4","5.4","5.9","6.3","6.4","7.1","7.1","7.2","6.8","6.6","6.7"
"British Columbia","5.5","5.8","6.3","6.4","6.3","6.1","6.1","6.2","6.3","6.1","5.9","6.0","6.4","6.8","6.8","6.3","6.0","5.7","5.8","5.9","6.0","5.9","5.8","5.9","5.9","5.8","5.8","5.6","5.6","5.3","5.2","5.3","5.3","5.2","4.9","4.8","4.9","5.0","5.1","5.0","5.0","4.9","4.7","4.8","4.5","4.2","3.9","4.2","4.6","4.6","4.8","4.8","4.8","4.7","4.7","5.0","5.0","5.0","4.8","4.7","4.8","4.9","6.2","8.5","11.4","12.7","12.3","11.7","10.3","9.2","7.8","7.4","7.5","7.5","7.7","7.4","7.3","6.9","6.8","6.8","6.6","6.1","5.3","5.1","5.2","5.0","5.2","5.1","4.9","4.7","4.7","4.9","4.7","4.5","4.1","4.0","4.3","4.7","5.0","5.0","5.0","5.2","5.5","5.8","5.6","5.2","4.9","5.0","5.3","5.3","5.5","5.3","5.5","5.3","5.6","5.9","6.0","5.8","5.5","5.4","5.7","5.9","6.2","6.1","6.3","6.1","6.2","6.3","6.5","6.5","6.1","6.0"
"Vancouver Island and Coast, British Columbia","5.0","5.2","5.8","6.4","6.3","6.1","6.1","6.5","6.6","6.3","6.1","6.5","7.2","7.6","7.1","6.4","5.6","5.2","5.1","5.2","5.5","5.5","5.1","5.3","5.4","5.9","5.8","5.3","4.8","4.3","4.7","5.0","5.2","5.0","4.8","5.2","5.7","6.0","5.7","5.3","5.1","5.0","4.7","4.9","4.5","4.2","3.7","3.7","4.0","4.0","3.7","3.8","4.0","4.3","4.4","4.6","4.6","4.7","4.5","4.8","5.2","5.6","6.6","8.8","11.4","11.9","11.3","10.6","9.7","8.7","7.7","7.5","7.3","7.2","7.4","7.2","6.7","5.9","5.2","5.4","5.3","5.2","4.6","4.9","5.1","5.1","4.9","4.8","4.4","4.0","3.8","4.3","4.3","4.1","3.3","3.0","2.9","3.5","3.6","4.1","4.1","4.4","4.7","4.8","4.8","4.2","3.8","3.8","4.2","4.2","4.6","4.3","4.7","4.1","4.0","4.1","4.5","4.6","4.4","4.2","4.3","4.3","4.8","4.9","5.4","5.4","5.9","6.0","5.6","5.3","4.5","4.5"
"Lower Mainland-Southwest, British Columbia","5.7","5.9","6.2","6.0","6.1","6.0","6.0","5.9","6.1","5.8","5.5","5.3","5.6","6.0","6.3","5.9","5.5","5.2","5.5","5.6","5.6","5.5","5.3","5.1","5.1","4.8","4.9","4.9","5.2","5.0","5.0","4.9","4.7","4.4","4.2","4.0","4.0","3.9","4.1","4.2","4.3","4.2","4.2","4.4","4.2","3.9","3.7","4.0","4.4","4.5","4.8","4.6","4.7","4.5","4.6","4.8","4.9","5.0","4.8","4.6","4.5","4.4","5.7","8.0","11.4","13.2","13.1","12.5","10.8","9.5","7.9","7.4","7.6","7.6","7.8","7.3","7.4","7.3","7.4","7.3","7.0","6.3","5.6","5.2","5.2","4.9","5.1","4.9","4.9","4.7","4.8","5.0","4.7","4.5","4.2","4.2","4.5","4.9","5.3","5.3","5.1","5.3","5.7","6.1","6.1","5.7","5.3","5.3","5.5","5.3","5.4","5.4","5.7","5.7","6.0","6.3","6.6","6.4","6.0","5.8","6.2","6.3","6.5","6.2","6.4","6.3","6.4","6.6","6.7","6.6","6.0","5.9"
"Thompson-Okanagan, British Columbia","6.1","7.4","7.8","7.7","6.6","5.6","5.2","5.5","6.0","6.3","6.4","7.1","8.1","8.8","8.8","7.9","7.4","6.9","7.0","7.0","6.8","6.9","7.5","8.5","9.0","9.1","8.7","8.1","7.0","6.5","5.9","6.9","7.3","8.3","7.7","7.4","7.5","8.2","8.5","8.1","7.4","7.1","6.1","5.7","5.0","4.9","5.0","5.2","5.5","5.0","5.6","5.6","5.6","5.2","5.0","5.2","4.9","4.6","4.5","5.0","5.7","6.8","7.8","9.8","10.1","10.4","9.7","9.5","8.7","8.2","7.5","7.7","7.5","7.8","8.1","8.6","8.0","6.9","5.7","6.1","6.0","5.1","4.8","4.8","5.9","6.0","6.5","6.4","6.1","5.6","5.0","5.5","5.2","5.0","4.3","4.1","4.4","4.4","4.8","4.4","4.7","4.9","5.0","4.3","3.5","3.1","3.2","3.5","4.9","6.0","6.7","5.7","5.0","4.8","5.6","5.8","5.2","4.6","4.3","5.2","5.2","5.7","6.1","6.4","6.8","5.9","5.4","5.1","6.0","7.3","8.1","7.4"
"Kootenay, British Columbia","5.2","6.3","7.6","8.7","8.7","9.0","9.9","10.3","8.9","7.5","7.3","9.7","10.6","9.9","8.8","7.8","7.5","6.8","6.6","7.9","8.4","9.5","9.8","9.8","8.7","7.6","7.1","7.7","7.4","7.3","7.4","8.0","8.9","8.3","7.7","7.5","7.5","7.5","6.9","5.7","5.1","5.1","6.2","8.0","7.9","6.7","4.6","3.6","3.5","3.7","4.7","6.5","6.7","5.8","5.0","6.4","7.0","5.8","4.3","3.4","3.7","4.1","6.5","11.7","15.5","16.5","13.6","11.4","9.5","8.4","6.4","6.4","6.5","6.3","6.2","5.8","5.8","5.1","5.0","6.7","6.6","6.8","5.4","6.0","5.9","5.4","5.0","4.2","4.1","3.3","3.3","4.0","5.2","5.3","5.2","4.3","3.5","3.0","3.2","4.1","5.3","5.7","5.6","5.0","5.3","5.6","6.7","7.0","7.4","6.9","7.0","6.3","5.8","6.2","6.1","7.1","5.8","5.2","3.6","3.0","3.8","4.4","5.7","6.3","6.7","6.3","5.9","5.8","6.0","6.3","6.8","6.3"
"Cariboo, British Columbia","4.7","5.2","6.0","7.1","7.5","7.5","7.2","7.3","7.4","6.9","7.0","7.3","8.2","7.7","6.7","5.8","7.1","8.2","8.5","8.2","7.7","7.2","7.1","7.5","9.1","9.8","10.1","9.1","8.1","7.2","6.5","6.4","6.2","6.2","6.3","7.0","7.8","7.7","7.0","6.4","6.3","5.9","5.3","4.8","5.0","4.7","5.2","5.6","6.2","6.7","6.5","6.7","5.8","5.7","5.6","6.4","7.0","7.1","7.4","7.3","8.0","7.8","8.5","9.8","11.6","11.9","11.1","10.6","10.5","10.9","10.5","9.9","8.9","7.7","7.3","6.8","7.4","6.8","6.9","7.0","7.0","6.7","5.4","4.4","3.1","3.2","4.1","5.0","5.1","5.6","6.0","5.9","5.1","4.6","4.8","5.5","6.1","6.6","7.1","7.6","7.9","7.9","8.1","8.1","7.0","5.8","5.6","5.7","6.6","6.6","6.5","5.4","4.6","4.4","4.7","4.7","5.0","5.1","5.6","6.1","7.2","7.3","7.1","7.1","6.9","6.1","5.4","7.2","8.7","9.3","8.3","8.1"
"North Coast and Nechako, British Columbia","5.2","4.9","5.0","5.3","6.6","7.6","8.1","8.4","8.5","8.1","7.7","7.2","6.8","6.7","6.8","7.8","8.7","9.1","8.5","8.1","7.7","7.9","6.9","6.9","6.6","6.6","6.5","6.7","7.5","6.6","6.1","5.8","6.0","6.3","5.5","5.5","5.8","6.1","7.5","8.2","9.1","8.0","6.3","5.3","4.7","5.0","4.8","5.0","5.3","5.1","4.3","4.3","4.3","4.9","5.1","5.5","5.1","4.7","4.2","4.0","3.6","4.6","5.7","8.2","11.4","13.6","13.7","11.1","8.4","7.1","6.1","6.1","6.8","8.9","8.4","8.4","6.9","8.2","7.8","8.6","7.3","7.3","6.2","5.9","4.8","5.7","6.2","6.2","3.7","x","x","4.1","4.4","4.3","4.6","4.2","4.6","6.1","6.5","6.2","5.0","5.8","6.5","7.1","7.3","7.0","6.9","5.8","6.4","6.1","6.7","6.3","5.7","5.1","5.7","7.4","7.8","7.3","5.2","4.7","4.0","4.3","4.7","6.8","6.6","6.4","5.6","5.9","6.7","6.7","7.4","8.3"
"Northeast, British Columbia","x","x","x","4.3","5.5","5.5","5.5","5.6","6.5","7.6","8.1","8.2","8.9","10.1","10.6","10.4","9.4","9.0","8.6","8.4","9.5","9.8","10.4","10.8","11.3","10.2","7.9","6.7","7.3","7.7","6.7","6.2","6.2","7.5","6.5","6.0","4.5","4.2","5.1","6.1","7.9","7.3","8.0","6.8","6.5","4.6","4.2","5.1","6.3","6.9","8.0","8.9","8.2","7.0","5.4","6.1","6.5","6.3","5.6","4.4","4.4","x","4.5","7.7","11.0","11.3","10.4","8.4","7.9","5.9","5.2","4.6","4.4","4.4","3.8","4.0","3.8","x","x","5.2","6.1","6.5","4.8","x","x","x","x","4.6","5.1","5.4","5.1","4.7","x","x","x","x","x","4.3","5.2","5.9","5.3","4.7","4.9","6.4","6.1","4.8","x","4.2","4.7","5.9","6.7","7.1","6.4","6.2","6.3","6.2","5.6","5.1","5.2","4.8","6.3","6.2","7.8","8.3","8.5","7.3","7.0","8.2","8.1","7.6","6.4","7.4"

Symbol legend:
x, suppressed to meet the confidentiality requirements of the Statistics Act




Footnotes:
1,"To ensure respondent confidentiality, estimates below a certain threshold are suppressed. For Canada, Quebec, Ontario, Alberta and British Columbia suppression is applied to all data below 1,500. The threshold level for Newfoundland and Labrador, Nova Scotia, New Brunswick, Manitoba and Saskatchewan is 500, while in Prince Edward Island, estimates under 200 are suppressed. Census metropolitan areas (CMAs) and economic regions (ERs) use their respective provincial suppression levels mentioned above. Estimates are based on smaller sample sizes the more detailed the table becomes, which could result in lower data quality. "
2,"This new table replaces archived table 14-10-0387."
3,"An economic region is a geographical unit generally composed of several census divisions within a province. While 73 regions are defined for the purposes of sampling, some areas are too small to enable production of independent estimates from the survey. These small regions are grouped with a neighbouring region with similar economic characteristics. In the case of Prince Edward Island, the province constitutes one economic region. For geographic descriptions of economic regions, refer to the <a href="https://www150.statcan.gc.ca/n1/en/catalogue/71-543-G#wb-auto-2" rel="external noopener noreferrer" target="_blank">Guide to the Labour Force Survey (opens new window)</a>."
4,"Excluding the territories."
5,"The unemployment rate is the number of unemployed persons expressed as a percentage of the labour force. The unemployment rate for a particular group (age, gender, marital status, etcetera.) is the number unemployed in that group expressed as a percentage of the labour force for that group. Estimates are percentages, rounded to the nearest tenth."
6,"As a result of the wildfire affecting northern Alberta, LFS data for the census agglomeration of Wood Buffalo were not collected from May to July 2016. Data collection resumed in August 2016. Estimates for the economic region of Wood Buffalo-Cold Lake are not available for June, July, August, and September 2016."



"How to cite: Statistics Canada. Table 14-10-0462-01  Labour force characteristics by economic region, three-month moving average, unadjusted for seasonality"
https://www150.statcan.gc.ca/t1/tbl1/en/tv.action?pid=1410046201